code,faction,name,folder,unitgroup,buildtime,metalcost,energycost,health,speed,maxacc,maxdec,maxslope,maxwaterdepth,sightdistance,turnrate,turninplace,canmove,techlevel,n_weapons,best_dps,total_dps,max_range,min_range,max_aoe,has_aa,has_anti_sub,has_paralyzer,wt_cannon,wt_beamlaser,wt_lasercannon,wt_missilelauncher,wt_starburstlauncher,wt_torpedolauncher,wt_emgcannon,wt_aircraftbomb,wt_flame,wt_dgun,wt_shield,wt_other
armaca,Armada,Advanced Construction Aircraft,ArmAircraft,buildert2,22000.0,340.0,12000.0,200.0,192.0,0.07,0.4275,10.0,0,430.0,240.0,0,1,2,0,0.0,0.0,0.0,0.0,0.0,0,0,0,0,0,0,0,0,0,0,0,0,0,0,0
armatlas,Armada,Stork,ArmAircraft,,3850.0,68.0,1300.0,265.0,207.0,0.1,0.75,10.0,0,430.0,550.0,0,1,1,0,0.0,0.0,0.0,0.0,0.0,0,0,0,0,0,0,0,0,0,0,0,0,0,0,0
armawac,Armada,Oracle,ArmAircraft,util,16000.0,175.0,8600.0,890.0,317.39999,0.1575,0.05,10.0,0,1275.0,0,0,1,2,0,0.0,0.0,0.0,0.0,0.0,0,0,0,0,0,0,0,0,0,0,0,0,0,0,0
armblade,Armada,Hornet,ArmAircraft,weapon,32000.0,1250.0,22000.0,3000.0,204.0,0.6,0.35,10.0,0,624.0,720.0,0,1,2,1,83.82,83.82,420.0,420.0,32.0,0,0,0,0,0,0,1,0,0,0,0,0,0,0,0
armbrawl,Armada,Roughneck,ArmAircraft,weapon,17000.0,310.0,6200.0,1780.0,160.8,0.24,0.44,10.0,0,550.0,800.0,0,1,2,1,26.67,26.67,380.0,380.0,40.0,0,0,0,1,0,0,0,0,0,0,0,0,0,0,0
armca,Armada,Construction Aircraft,ArmAircraft,builder,7960.0,110.0,3000.0,156.0,208.2,0.07,0.4275,10.0,0,430.0,240.0,0,1,1,0,0.0,0.0,0.0,0.0,0.0,0,0,0,0,0,0,0,0,0,0,0,0,0,0,0
armdfly,Armada,Abductor,ArmAircraft,emp,19000.0,320.0,6600.0,1170.0,225.0,0.2,0.625,15.0,0,430.0,420.0,0,1,2,1,1312.5,1312.5,520.0,520.0,32.0,0,0,1,0,1,0,0,0,0,0,0,0,0,0,0
armfig,Armada,Falcon,ArmAircraft,aa,3500.0,73.0,2900.0,167.0,289.20001,0.1825,0.075,10.0,0,430.0,0,0,1,1,1,138.89,138.89,680.0,680.0,8.0,1,0,0,0,0,0,1,0,0,0,0,0,0,0,0
armhawk,Armada,Highwind,ArmAircraft,aa,10500.0,140.0,5700.0,370.0,358.79999,0.2325,0.01125,10.0,0,430.0,0,0,1,2,1,535.71,535.71,740.0,740.0,8.0,1,0,0,0,0,0,1,0,0,0,0,0,0,0,0
armhvytrans,Armada,Osprey,ArmAircraft,,8500.0,190.0,4000.0,630.0,110.0,0.1,0.75,10.0,0,430.0,550.0,0,1,1,0,0.0,0.0,0.0,0.0,0.0,0,0,0,0,0,0,0,0,0,0,0,0,0,0,0
armkam,Armada,Banshee,ArmAircraft,weapon,5050.0,135.0,2300.0,560.0,184.8,0.15,0.375,10.0,0,520.0,1400.0,0,1,1,1,12.86,12.86,350.0,350.0,40.0,0,0,0,1,0,0,0,0,0,0,0,0,0,0,0
armlance,Armada,Cormorant,ArmAircraft,sub,19000.0,400.0,8000.0,1920.0,285.0,0.1325,0.075,10.0,0,500.0,0,0,1,2,1,62.5,62.5,400.0,400.0,16.0,0,1,0,0,0,0,0,0,1,0,0,0,0,0,0
armliche,Armada,Liche,ArmAircraft,weapon,73000.0,2200.0,46000.0,2300.0,294.89999,0.1075,0.05,10.0,0,455.0,0,0,1,2,1,625.0,625.0,250.0,250.0,256.0,0,0,0,0,0,0,1,0,0,0,0,0,0,0,0
armpeep,Armada,Blink,ArmAircraft,util,2800.0,52.0,1550.0,89.0,375.0,0.1825,0.01125,10.0,0,865.0,0,0,1,1,0,0.0,0.0,0.0,0.0,0.0,0,0,0,0,0,0,0,0,0,0,0,0,0,0,0
armpnix,Armada,Blizzard,ArmAircraft,weapon,25000.0,230.0,12500.0,1130.0,258.0,0.0525,0.045,10.0,0,430.0,0,0,1,2,1,38.0,38.0,1280.0,1280.0,168.0,0,0,0,0,0,0,0,0,0,0,1,0,0,0,0
armstil,Armada,Stiletto,ArmAircraft,emp,39000.0,460.0,38000.0,1880.0,300.0,0.1575,0.04,15.0,0,430.0,0,0,1,2,1,857.14,857.14,1280.0,1280.0,200.0,0,0,1,0,0,0,0,0,0,0,1,0,0,0,0
armthund,Armada,Stormbringer,ArmAircraft,weapon,4780.0,145.0,4200.0,670.0,250.0,0.0575,0.05,10.0,0,430.0,0,0,1,1,1,17.5,17.5,1280.0,1280.0,144.0,0,0,0,0,0,0,0,0,0,0,1,0,0,0,0
armaak,Armada,Archangel,ArmBots,aa,10000.0,520.0,5600.0,2200.0,47.4,0.138,0.6486,14.0,0,400.0,1174.15002,1,1,2,2,142.86,242.86,1200.0,880.0,24.0,1,0,0,0,0,0,2,0,0,0,0,0,0,0,0
armack,Armada,Advanced Construction Bot,ArmBots,buildert2,12500.0,430.0,6900.0,930.0,33.0,0.4968,3.105,20.0,25.0,323.70001,1138.5,1,1,2,0,0.0,0.0,0.0,0.0,0.0,0,0,0,0,0,0,0,0,0,0,0,0,0,0,0
armamph,Armada,Platypus,ArmBots,weaponaa,7000.0,260.0,2700.0,1170.0,90.0,0.138,0.6486,14.0,0,377.0,506.0,1,1,2,2,109.09,151.95,600.0,275.0,48.0,1,0,0,0,1,0,1,0,0,0,0,0,0,0,0
armaser,Armada,Smuggler,ArmBots,util,6000.0,78.0,1400.0,340.0,48.3,0.138,0.5175,32.0,112.0,260.0,1201.75,1,1,2,0,0.0,0.0,0.0,0.0,0.0,0,0,0,0,0,0,0,0,0,0,0,0,0,0,0
armck,Armada,Construction Bot,ArmBots,builder,3450.0,110.0,1600.0,690.0,36.0,0.552,3.45,20.0,25.0,305.0,1265.0,1,1,1,0,0.0,0.0,0.0,0.0,0.0,0,0,0,0,0,0,0,0,0,0,0,0,0,0,0
armdecom,Armada,Commander,ArmBots,buildert2,30000.0,770.0,12000.0,3700.0,37.5,0.18,1.125,20.0,35.0,450.0,1148.0,0,1,2,3,187.5,294.44,300.0,250.0,36.0,0,1,0,0,2,0,0,0,0,0,0,0,1,0,0
armfark,Armada,Butler,ArmBots,buildert2,6000.0,210.0,3000.0,335.0,75.0,0.4968,5.175,14.0,22.0,377.0,1265.0,1,1,2,0,0.0,0.0,0.0,0.0,0.0,0,0,0,0,0,0,0,0,0,0,0,0,0,0,0
armfast,Armada,Sprinter,ArmBots,weapon,5000.0,160.0,3800.0,690.0,111.3,0.414,1.29375,17.0,12.0,351.0,1644.5,1,1,2,1,24.0,24.0,220.0,220.0,16.0,0,0,0,1,0,0,0,0,0,0,0,0,0,0,0
armfboy,Armada,Fatboy,ArmBots,weapon,28000.0,1400.0,15000.0,7800.0,30.0,0.138,0.43125,20.0,25.0,510.0,368.0,1,1,2,1,114.29,114.29,700.0,700.0,300.0,0,0,0,1,0,0,0,0,0,0,0,0,0,0,0
armfido,Armada,Hound,ArmBots,weapon,6230.0,285.0,6300.0,1280.0,69.0,0.138,1.29375,14.0,12.0,400.0,1138.5,1,1,2,1,80.53,80.53,650.0,650.0,72.0,0,0,0,1,0,0,0,0,0,0,0,0,0,0,0
armflea,Armada,Tick,ArmBots,weapon,800.0,21.0,300.0,60.0,132.0,0.575,1.725,255.0,16.0,600.0,1807.0,1,1,1,1,40.0,40.0,140.0,140.0,8.0,0,0,0,0,1,0,0,0,0,0,0,0,0,0,0
armham,Armada,Mace,ArmBots,weapon,2200.0,130.0,1300.0,1000.0,46.2,0.138,0.77625,14.0,12.0,380.0,1258.09998,1,1,1,1,60.0,60.0,380.0,380.0,36.0,0,0,0,1,0,0,0,0,0,0,0,0,0,0,0
armjeth,Armada,Crossbow,ArmBots,aa,1830.0,125.0,1100.0,630.0,56.25,0.138,0.6486,15.0,0,377.0,1285.69995,1,1,1,2,55.0,55.0,800.0,760.0,48.0,1,0,0,1,0,0,1,0,0,0,0,0,0,0,0
armmark,Armada,Compass,ArmBots,util,5000.0,100.0,1250.0,355.0,40.5,0.05175,0.0621,16.0,0,900.0,580.75,1,1,2,0,0.0,0.0,0.0,0.0,0.0,0,0,0,0,0,0,0,0,0,0,0,0,0,0,0
armmav,Armada,Gunslinger,ArmBots,weapon,17000.0,650.0,11000.0,1560.0,49.5,0.138,0.43125,14.0,0,550.0,1285.69995,1,1,2,1,265.0,265.0,365.0,365.0,8.0,0,0,0,1,0,0,0,0,0,0,0,0,0,0,0
armpw,Armada,Pawn,ArmBots,weapon,1650.0,54.0,900.0,370.0,87.0,0.414,0.69,17.0,12.0,429.0,1214.40002,1,1,1,1,30.0,30.0,180.0,180.0,8.0,0,0,0,1,0,0,0,0,0,0,0,0,0,0,0
armrectr,Armada,Lazarus,ArmBots,builder,2800.0,130.0,1400.0,220.0,78.0,0.23,0.8625,14.0,22.0,430.0,1290.29993,1,1,1,0,0.0,0.0,0.0,0.0,0.0,0,0,0,0,0,0,0,0,0,0,0,0,0,0,0
armrock,Armada,Rocketeer,ArmBots,weapon,2010.0,120.0,1000.0,720.0,50.7,0.138,0.6486,14.0,12.0,338.0,1271.90002,1,1,1,1,41.32,41.32,475.0,475.0,48.0,0,0,0,0,0,0,1,0,0,0,0,0,0,0,0
armscab,Armada,Umbrella,ArmBots,antinuke,49000.0,1150.0,30000.0,870.0,51.0,0.03663,0.07326,10.0,0,450.0,473.0,1,1,2,1,250.0,250.0,72000.0,72000.0,420.0,0,0,0,0,0,0,0,1,0,0,0,0,0,0,0
armsnipe,Armada,Sharpshooter,ArmBots,weapon,24000.0,680.0,20000.0,580.0,33.0,0.138,0.6486,14.0,22.0,455.0,1538.69995,1,1,2,1,250.0,250.0,900.0,900.0,16.0,0,0,0,1,0,0,0,0,0,0,0,0,0,0,0
armspid,Armada,Webber,ArmBots,emp,7000.0,250.0,5000.0,1110.0,71.55,0.207,0.6486,0,16.0,550.0,1290.29993,1,1,2,1,490.39,490.39,280.0,280.0,8.0,0,0,1,0,1,0,0,0,0,0,0,0,0,0,0
armsptk,Armada,Recluse,ArmBots,weapon,11500.0,400.0,4500.0,1390.0,47.0,0.207,0.6486,0,12.0,440.0,1290.0,1,1,2,1,53.33,53.33,575.0,575.0,90.0,0,0,0,0,0,0,1,0,0,0,0,0,0,0,0
armspy,Armada,Ghost,ArmBots,buildert2,12000.0,135.0,8800.0,300.0,65.4,0.276,0.69,32.0,112.0,550.0,1581.25,1,1,2,1,0.0,0.0,100.0,100.0,0.0,0,1,0,0,0,0,0,0,0,0,0,0,0,0,1
armvader,Armada,Tumbleweed,ArmBots,explo,7900.0,65.0,5800.0,445.0,84.0,0.1518,0.5589,32.0,112.0,273.0,1771.0,1,1,2,2,10000.0,10000.0,42.0,1.0,5.0,0,1,0,1,0,0,0,0,0,0,0,0,0,0,1
armwar,Armada,Centurion,ArmBots,weapon,4200.0,270.0,3100.0,1590.0,45.0,0.0828,0.8211,17.0,12.0,350.0,885.5,1,1,1,1,183.33,183.33,330.0,330.0,8.0,0,0,0,0,1,0,0,0,0,0,0,0,0,0,0
armzeus,Armada,Welder,ArmBots,weapon,9500.0,350.0,6100.0,2950.0,47.4,0.138,0.8625,15.0,23.0,331.5,1214.40002,1,1,2,1,12.94,12.94,280.0,280.0,8.0,0,0,0,0,0,0,0,0,0,0,0,0,0,0,1
armaap,Armada,Advanced Aircraft Plant,ArmBuildings,buildert2,32000.0,2900.0,29000.0,3750.0,0,0,0,15.0,0,312.0,0,0,1,2,0,0.0,0.0,0.0,0.0,0.0,0,0,0,0,0,0,0,0,0,0,0,0,0,0,0
armadvsol,Armada,Advanced Solar Collector,ArmBuildings,energy,7950.0,350.0,5000.0,1130.0,0,0,0,10.0,0,260.0,0,0,0,1,0,0.0,0.0,0.0,0.0,0.0,0,0,0,0,0,0,0,0,0,0,0,0,0,0,0
armafus,Armada,Advanced Fusion Reactor,ArmBuildings,energy,312500.0,9700.0,69000.0,7900.0,0,0,0,13.0,0,273.0,0,0,0,2,0,0.0,0.0,0.0,0.0,0.0,0,0,0,0,0,0,0,0,0,0,0,0,0,0,0
armageo,Armada,Advanced Geothermal Powerplant,ArmBuildings,energy,50000.0,1600.0,27000.0,3600.0,0,0,0,15.0,5.0,273.0,0,0,0,2,0,0.0,0.0,0.0,0.0,0.0,0,0,0,0,0,0,0,0,0,0,0,0,0,0,0
armalab,Armada,Advanced Bot Lab,ArmBuildings,buildert2,25000.0,2600.0,15000.0,4250.0,0,0,0,15.0,0,286.0,0,0,1,2,0,0.0,0.0,0.0,0.0,0.0,0,0,0,0,0,0,0,0,0,0,0,0,0,0,0
armamb,Armada,Rattlesnake,ArmBuildings,weapon,27000.0,2500.0,17000.0,4000.0,0,0,0,10.0,0,442.0,0,0,0,2,3,194.44,388.89,1380.0,1380.0,152.0,0,0,0,3,0,0,0,0,0,0,0,0,0,0,0
armamd,Armada,Citadel,ArmBuildings,antinuke,60000.0,1500.0,38000.0,3300.0,0,0,0,10.0,0,201.0,0,0,0,2,1,750.0,750.0,72000.0,72000.0,420.0,0,0,0,0,0,0,0,1,0,0,0,0,0,0,0
armamex,Armada,Twilight,ArmBuildings,metal,1800.0,200.0,1500.0,1610.0,0,0,0,30.0,20.0,286.0,0,0,0,1,0,0.0,0.0,0.0,0.0,0.0,0,0,0,0,0,0,0,0,0,0,0,0,0,0,0
armamsub,Armada,Amphibious Complex,ArmBuildings,builder,11100.0,1200.0,5500.0,2650.0,0,0,0,10.0,0,234.0,0,0,1,1,0,0.0,0.0,0.0,0.0,0.0,0,0,0,0,0,0,0,0,0,0,0,0,0,0,0
armanni,Armada,Pulsar,ArmBuildings,weapon,52000.0,3500.0,74000.0,6100.0,0,0,0,10.0,0,780.0,0,0,0,2,1,1090.91,1090.91,1400.0,1400.0,16.0,0,0,0,0,1,0,0,0,0,0,0,0,0,0,0
armap,Armada,Aircraft Plant,ArmBuildings,builder,5450.0,650.0,1100.0,2050.0,0,0,0,15.0,0,292.0,0,0,1,1,0,0.0,0.0,0.0,0.0,0.0,0,0,0,0,0,0,0,0,0,0,0,0,0,0,0
armarad,Armada,Advanced Radar Tower,ArmBuildings,util,8000.0,400.0,14000.0,355.0,0,0,0,10.0,0,820.0,0,0,0,2,0,0.0,0.0,0.0,0.0,0.0,0,0,0,0,0,0,0,0,0,0,0,0,0,0,0
armason,Armada,Advanced Sonar Station,ArmBuildings,util,6150.0,170.0,2600.0,2350.0,0,0,0,10.0,0,215.0,0,0,0,2,0,0.0,0.0,0.0,0.0,0.0,0,0,0,0,0,0,0,0,0,0,0,0,0,0,0
armasy,Armada,Advanced Shipyard,ArmBuildings,buildert2,24000.0,2900.0,9700.0,6000.0,0,0,0,0,0,299.0,0,0,1,2,0,0.0,0.0,0.0,0.0,0.0,0,0,0,0,0,0,0,0,0,0,0,0,0,0,0
armatl,Armada,Moray,ArmBuildings,sub,9260.0,1000.0,8500.0,2800.0,0,0,0,0,0,585.0,0,0,0,2,1,360.11,360.11,915.0,915.0,32.0,0,1,0,0,0,0,0,0,1,0,0,0,0,0,0
armavp,Armada,Advanced Vehicle Plant,ArmBuildings,buildert2,27000.0,2600.0,14000.0,4750.0,0,0,0,15.0,0,283.39999,0,0,1,2,0,0.0,0.0,0.0,0.0,0.0,0,0,0,0,0,0,0,0,0,0,0,0,0,0,0
armbeamer,Armada,Beamer,ArmBuildings,weapon,4800.0,190.0,1500.0,1430.0,0,0,0,10.0,0,475.0,0,0,0,1,1,400.0,400.0,490.0,490.0,8.0,0,0,0,0,1,0,0,0,0,0,0,0,0,0,0
armbrtha,Armada,Basilica,ArmBuildings,weapon,85000.0,4500.0,64000.0,4450.0,0,0,0,12.0,0,273.0,0,0,0,2,1,123.11,123.11,4650.0,4650.0,135.0,0,0,0,1,0,0,0,0,0,0,0,0,0,0,0
armcir,Armada,Chainsaw,ArmBuildings,aa,12000.0,750.0,7300.0,4450.0,0,0,0,10.0,0,380.0,0,0,0,1,1,156.25,156.25,1125.0,1125.0,48.0,1,0,0,0,0,0,1,0,0,0,0,0,0,0,0
armckfus,Armada,Cloakable Fusion Reactor,ArmBuildings,energy,65000.0,3650.0,22000.0,3800.0,0,0,0,10.0,0,273.0,0,0,0,2,0,0.0,0.0,0.0,0.0,0.0,0,0,0,0,0,0,0,0,0,0,0,0,0,0,0
armclaw,Armada,Dragon's Claw,ArmBuildings,weapon,4650.0,340.0,1600.0,1330.0,0,0,0,18.0,0,440.0,0,0,0,1,1,23.82,23.82,430.0,430.0,8.0,0,0,0,0,0,0,0,0,0,0,0,0,0,0,1
armdf,Armada,Decoy Fusion Reactor,ArmBuildings,util,7500.0,270.0,100.0,3800.0,0,0,0,10.0,0,210.0,0,0,0,2,0,0.0,0.0,0.0,0.0,0.0,0,0,0,0,0,0,0,0,0,0,0,0,0,0,0
armdl,Armada,Anemone,ArmBuildings,sub,6000.0,240.0,2200.0,2200.0,0,0,0,15.0,0,617.0,0,0,0,1,1,150.0,150.0,600.0,600.0,0.0,0,1,0,0,0,0,0,0,1,0,0,0,0,0,0
armdrag,Armada,Dragon's Teeth,ArmBuildings,util,255.0,8.0,0,2800.0,0,0,0,64.0,0,1.0,0,0,0,1,0,0.0,0.0,0.0,0.0,0.0,0,0,0,0,0,0,0,0,0,0,0,0,0,0,0
armemp,Armada,Paralyzer,ArmBuildings,emp,79300.0,1600.0,29000.0,3350.0,0,0,0,10.0,0,455.0,0,0,0,2,1,25000.0,25000.0,3650.0,3650.0,312.0,0,0,1,0,0,0,0,1,0,0,0,0,0,0,0
armestor,Armada,Energy Storage,ArmBuildings,energy,4110.0,170.0,1700.0,1890.0,0,0,0,10.0,0,273.0,0,0,0,1,0,0.0,0.0,0.0,0.0,0.0,0,0,0,0,0,0,0,0,0,0,0,0,0,0,0
armeyes,Armada,Beholder,ArmBuildings,util,750.0,32.0,850.0,280.0,0,0,0,24.0,0,560.0,0,0,0,1,0,0.0,0.0,0.0,0.0,0.0,0,0,0,0,0,0,0,0,0,0,0,0,0,0,0
armfatf,Armada,Naval Pinpointer,ArmBuildings,util,9880.0,800.0,7300.0,1610.0,0,0,0,10.0,0,273.0,0,0,0,2,0,0.0,0.0,0.0,0.0,0.0,0,0,0,0,0,0,0,0,0,0,0,0,0,0,0
armfdrag,Armada,Shark's Teeth,ArmBuildings,,370.0,15.0,0,4450.0,0,0,0,32.0,0,1.0,0,0,0,1,0,0.0,0.0,0.0,0.0,0.0,0,0,0,0,0,0,0,0,0,0,0,0,0,0,0
armferret,Armada,Ferret,ArmBuildings,aa,5800.0,360.0,5700.0,1330.0,0,0,0,10.0,0,375.0,0,0,0,1,1,88.24,88.24,840.0,840.0,16.0,1,0,0,0,0,0,1,0,0,0,0,0,0,0,0
armfflak,Armada,Naval Arbalest,ArmBuildings,aa,21900.0,850.0,23000.0,1920.0,0,0,0,0,0,550.0,0,0,0,2,1,468.75,468.75,775.0,775.0,192.0,1,0,0,1,0,0,0,0,0,0,0,0,0,0,0
armfhlt,Armada,Manta,ArmBuildings,weapon,9670.0,470.0,6200.0,4250.0,0,0,0,0,0,630.0,0,0,0,1,1,333.33,333.33,630.0,630.0,8.0,0,0,0,0,1,0,0,0,0,0,0,0,0,0,0
armfhp,Armada,Naval Hovercraft Platform,ArmBuildings,builder,8700.0,670.0,2000.0,3350.0,0,0,0,0,0,286.0,0,0,1,1,0,0.0,0.0,0.0,0.0,0.0,0,0,0,0,0,0,0,0,0,0,0,0,0,0,0
armflak,Armada,Arbalest,ArmBuildings,aa,19000.0,820.0,13000.0,1750.0,0,0,0,10.0,0,525.0,0,0,0,2,1,468.75,468.75,775.0,775.0,172.0,1,0,0,1,0,0,0,0,0,0,0,0,0,0,0
armfmine3,Armada,Heavy Mine,ArmBuildings,explo,400.0,32.0,1600.0,11.0,0,0,0,40.0,0,78.0,0,0,0,1,1,0.0,0.0,64.0,64.0,0.0,0,0,0,0,0,0,0,0,0,0,0,0,0,0,1
armfmkr,Armada,Naval Energy Converter,ArmBuildings,metal,2600.0,1.0,1150.0,167.0,0,0,0,10.0,0,273.0,0,0,0,1,0,0.0,0.0,0.0,0.0,0.0,0,0,0,0,0,0,0,0,0,0,0,0,0,0,0
armfort,Armada,Fortification Wall,ArmBuildings,util,900.0,40.0,500.0,8900.0,0,0,0,24.0,0,1.0,0,0,0,2,0,0.0,0.0,0.0,0.0,0.0,0,0,0,0,0,0,0,0,0,0,0,0,0,0,0
armfrad,Armada,Naval Radar / Sonar Tower,ArmBuildings,util,1800.0,130.0,1000.0,110.0,0,0,0,10.0,0,760.0,0,0,0,1,0,0.0,0.0,0.0,0.0,0.0,0,0,0,0,0,0,0,0,0,0,0,0,0,0,0
armfrt,Armada,Naval Nettle,ArmBuildings,aa,2200.0,90.0,1000.0,380.0,0,0,0,0,0,468.0,0,0,0,1,1,95.83,95.83,765.0,765.0,64.0,1,0,0,0,0,0,1,0,0,0,0,0,0,0,0
armfus,Armada,Fusion Reactor,ArmBuildings,energy,54000.0,3350.0,18000.0,3800.0,0,0,0,10.0,0,273.0,0,0,0,2,0,0.0,0.0,0.0,0.0,0.0,0,0,0,0,0,0,0,0,0,0,0,0,0,0,0
armgate,Armada,Keeper,ArmBuildings,util,55000.0,3000.0,54000.0,3550.0,0,0,0,10.0,0,273.0,0,0,0,2,1,0.0,0.0,0.0,0.0,0.0,0,0,0,0,0,0,0,0,0,0,0,0,0,1,0
armgeo,Armada,Geothermal Powerplant,ArmBuildings,energy,13100.0,560.0,13000.0,1940.0,0,0,0,20.0,5.0,273.0,0,0,0,1,0,0.0,0.0,0.0,0.0,0.0,0,0,0,0,0,0,0,0,0,0,0,0,0,0,0
armgmm,Armada,Prude,ArmBuildings,energy,41500.0,1150.0,25000.0,13900.0,0,0,0,10.0,0,273.0,0,0,0,2,0,0.0,0.0,0.0,0.0,0.0,0,0,0,0,0,0,0,0,0,0,0,0,0,0,0
armguard,Armada,Gauntlet,ArmBuildings,weapon,19300.0,1250.0,12500.0,3050.0,0,0,0,10.0,0,455.0,0,0,0,1,3,105.26,210.53,1220.0,1220.0,100.0,0,0,0,3,0,0,0,0,0,0,0,0,0,0,0
armhlt,Armada,Overwatch,ArmBuildings,weapon,11300.0,440.0,4700.0,2600.0,0,0,0,10.0,0,494.0,0,0,0,1,1,322.5,322.5,620.0,620.0,14.0,0,0,0,0,1,0,0,0,0,0,0,0,0,0,0
armhp,Armada,Hovercraft Platform,ArmBuildings,builder,8700.0,670.0,2000.0,3350.0,0,0,0,15.0,0,286.0,0,0,1,1,0,0.0,0.0,0.0,0.0,0.0,0,0,0,0,0,0,0,0,0,0,0,0,0,0,0
armjamt,Armada,Sneaky Pete,ArmBuildings,util,9950.0,240.0,8500.0,790.0,0,0,0,10.0,0,195.0,0,0,0,1,0,0.0,0.0,0.0,0.0,0.0,0,0,0,0,0,0,0,0,0,0,0,0,0,0,0
armjuno,Armada,Juno,ArmBuildings,weapon,21800.0,640.0,17000.0,2350.0,0,0,0,10.0,0,494.0,0,0,0,1,1,0.5,0.5,32000.0,32000.0,1400.0,0,0,0,0,0,0,0,1,0,0,0,0,0,0,0
armkraken,Armada,Gorgon,ArmBuildings,weapon,20000.0,1000.0,13000.0,4450.0,0,0,0,0,0,700.0,0,0,0,2,1,514.29,514.29,800.0,800.0,12.0,0,0,0,1,0,0,0,0,0,0,0,0,0,0,0
armlab,Armada,Bot Lab,ArmBuildings,builder,5000.0,500.0,950.0,2900.0,0,0,0,15.0,0,290.0,0,0,1,1,0,0.0,0.0,0.0,0.0,0.0,0,0,0,0,0,0,0,0,0,0,0,0,0,0,0
armllt,Armada,Sentry,ArmBuildings,weapon,2400.0,85.0,680.0,620.0,0,0,0,14.0,0,494.0,0,0,0,1,1,241.07,241.07,430.0,430.0,12.0,0,0,0,0,1,0,0,0,0,0,0,0,0,0,0
armmakr,Armada,Energy Converter,ArmBuildings,metal,2600.0,1.0,1150.0,167.0,0,0,0,10.0,0,273.0,0,0,0,1,0,0.0,0.0,0.0,0.0,0.0,0,0,0,0,0,0,0,0,0,0,0,0,0,0,0
armmercury,Armada,Mercury,ArmBuildings,aa,28000.0,1600.0,33000.0,1670.0,0,0,0,20.0,0,600.0,0,0,0,2,1,416.67,416.67,2400.0,2400.0,425.0,1,0,0,0,0,0,1,0,0,0,0,0,0,0,0
armmex,Armada,Metal Extractor,ArmBuildings,metal,1800.0,50.0,500.0,270.0,0,0,0,30.0,0,273.0,0,0,0,1,0,0.0,0.0,0.0,0.0,0.0,0,0,0,0,0,0,0,0,0,0,0,0,0,0,0
armmine1,Armada,Light Mine,ArmBuildings,explo,100.0,7.0,270.0,11.0,0,0,0,40.0,0,83.2,0,0,0,1,1,0.0,0.0,64.0,64.0,0.0,0,0,0,0,0,0,0,0,0,0,0,0,0,0,1
armmine2,Armada,Medium Mine,ArmBuildings,explo,300.0,25.0,1050.0,11.0,0,0,0,40.0,0,83.2,0,0,0,1,1,0.0,0.0,64.0,64.0,0.0,0,0,0,0,0,0,0,0,0,0,0,0,0,0,1
armmine3,Armada,Heavy Mine,ArmBuildings,explo,700.0,50.0,2800.0,11.0,0,0,0,40.0,0,83.2,0,0,0,1,1,0.0,0.0,64.0,64.0,0.0,0,0,0,0,0,0,0,0,0,0,0,0,0,0,1
armmmkr,Armada,Advanced Energy Converter,ArmBuildings,metal,35000.0,380.0,21000.0,445.0,0,0,0,10.0,0,273.0,0,0,0,2,0,0.0,0.0,0.0,0.0,0.0,0,0,0,0,0,0,0,0,0,0,0,0,0,0,0
armmoho,Armada,Advanced Metal Extractor,ArmBuildings,metal,14900.0,620.0,7700.0,2800.0,0,0,0,30.0,20.0,273.0,0,0,0,2,0,0.0,0.0,0.0,0.0,0.0,0,0,0,0,0,0,0,0,0,0,0,0,0,0,0
armmstor,Armada,Metal Storage,ArmBuildings,metal,2920.0,330.0,570.0,2100.0,0,0,0,10.0,0,273.0,0,0,0,1,0,0.0,0.0,0.0,0.0,0.0,0,0,0,0,0,0,0,0,0,0,0,0,0,0,0
armnanotc,Armada,Construction Turret,ArmBuildings,builder,5300.0,230.0,3200.0,560.0,0,0,4.5,10.0,0,380.0,1.0,0,0,1,0,0.0,0.0,0.0,0.0,0.0,0,0,0,0,0,0,0,0,0,0,0,0,0,0,0
armnanotcplat,Armada,Naval Construction Turret,ArmBuildings,builder,5300.0,230.0,3200.0,560.0,0,0,4.5,10.0,50000000.0,380.0,1.0,0,0,1,0,0.0,0.0,0.0,0.0,0.0,0,0,0,0,0,0,0,0,0,0,0,0,0,0,0
armpb,Armada,Pit Bull,ArmBuildings,weapon,15000.0,680.0,14000.0,2800.0,0,0,0,10.0,0,598.0,0,0,0,2,1,421.88,421.88,730.0,730.0,24.0,0,0,0,1,0,0,0,0,0,0,0,0,0,0,0
armplat,Armada,Seaplane Platform,ArmBuildings,builder,12000.0,1450.0,5000.0,2000.0,0,0,0,0,0,169.0,0,0,1,1,0,0.0,0.0,0.0,0.0,0.0,0,0,0,0,0,0,0,0,0,0,0,0,0,0,0
armrad,Armada,Radar Tower,ArmBuildings,util,1140.0,60.0,630.0,90.0,0,0,0,10.0,0,680.0,0,0,0,1,0,0.0,0.0,0.0,0.0,0.0,0,0,0,0,0,0,0,0,0,0,0,0,0,0,0
armrl,Armada,Nettle,ArmBuildings,aa,1800.0,80.0,900.0,330.0,0,0,0,20.0,0,455.0,0,0,0,1,1,67.65,67.65,765.0,765.0,48.0,1,0,0,0,0,0,1,0,0,0,0,0,0,0,0
armsd,Armada,Tracer,ArmBuildings,util,11900.0,710.0,7100.0,2650.0,0,0,0,10.0,0,240.0,0,0,0,2,0,0.0,0.0,0.0,0.0,0.0,0,0,0,0,0,0,0,0,0,0,0,0,0,0,0
armshltx,Armada,Experimental Gantry,ArmBuildings,buildert3,62000.0,7900.0,58000.0,16000.0,0,0,0,10.0,0,273.0,0,0,1,3,0,0.0,0.0,0.0,0.0,0.0,0,0,0,0,0,0,0,0,0,0,0,0,0,0,0
armshltxuw,Armada,Experimental Gantry,ArmBuildings,buildert3,62000.0,7900.0,58000.0,16000.0,0,0,0,10.0,0,273.0,0,0,1,3,0,0.0,0.0,0.0,0.0,0.0,0,0,0,0,0,0,0,0,0,0,0,0,0,0,0
armsilo,Armada,Armageddon,ArmBuildings,nuke,178500.0,8100.0,90000.0,5900.0,0,0,0,10.0,0,455.0,0,0,0,2,2,316.67,316.67,72000.0,0.0,1280.0,0,0,0,1,0,0,0,1,0,0,0,0,0,0,0
armsolar,Armada,Solar Collector,ArmBuildings,energy,2600.0,155.0,0,340.0,0,0,0,10.0,0,273.0,0,0,0,1,0,0.0,0.0,0.0,0.0,0.0,0,0,0,0,0,0,0,0,0,0,0,0,0,0,0
armsy,Armada,Shipyard,ArmBuildings,builder,5160.0,450.0,950.0,4100.0,0,0,0,0,0,340.0,0,0,1,1,0,0.0,0.0,0.0,0.0,0.0,0,0,0,0,0,0,0,0,0,0,0,0,0,0,0
armtarg,Armada,Pinpointer,ArmBuildings,util,8700.0,810.0,7200.0,2100.0,0,0,0,10.0,0,273.0,0,0,0,2,0,0.0,0.0,0.0,0.0,0.0,0,0,0,0,0,0,0,0,0,0,0,0,0,0,0
armtide,Armada,Tidal Generator,ArmBuildings,energy,2190.0,90.0,200.0,400.0,0,0,0,10.0,0,130.0,0,0,0,1,0,0.0,0.0,0.0,0.0,0.0,0,0,0,0,0,0,0,0,0,0,0,0,0,0,0
armtl,Armada,Harpoon,ArmBuildings,sub,3700.0,170.0,1500.0,1300.0,0,0,0,0,0,494.0,0,0,0,1,1,186.67,186.67,500.0,500.0,16.0,0,1,0,0,0,0,0,0,1,0,0,0,0,0,0
armuwadves,Armada,Hardened Energy Storage,ArmBuildings,energy,20300.0,830.0,10000.0,11700.0,0,0,0,20.0,9999.0,169.0,0,0,0,2,0,0.0,0.0,0.0,0.0,0.0,0,0,0,0,0,0,0,0,0,0,0,0,0,0,0
armuwadvms,Armada,Hardened Metal Storage,ArmBuildings,metal,20400.0,750.0,11500.0,10300.0,0,0,0,20.0,9999.0,195.0,0,0,0,2,0,0.0,0.0,0.0,0.0,0.0,0,0,0,0,0,0,0,0,0,0,0,0,0,0,0
armuwageo,Armada,Advanced Geothermal Powerplant,ArmBuildings,energy,50000.0,1600.0,27000.0,3600.0,0,0,0,15.0,99999.0,273.0,0,0,0,2,0,0.0,0.0,0.0,0.0,0.0,0,0,0,0,0,0,0,0,0,0,0,0,0,0,0
armuwes,Armada,Naval Energy Storage,ArmBuildings,energy,4110.0,170.0,1700.0,1890.0,0,0,0,20.0,0,182.0,0,0,0,1,0,0.0,0.0,0.0,0.0,0.0,0,0,0,0,0,0,0,0,0,0,0,0,0,0,0
armuwfus,Armada,Naval Fusion Reactor,ArmBuildings,energy,99900.0,5200.0,33500.0,5600.0,0,0,0,10.0,0,143.0,0,0,0,2,0,0.0,0.0,0.0,0.0,0.0,0,0,0,0,0,0,0,0,0,0,0,0,0,0,0
armuwgeo,Armada,Offshore Geothermal Powerplant,ArmBuildings,energy,13100.0,560.0,13000.0,1940.0,0,0,0,20.0,99999.0,273.0,0,0,0,1,0,0.0,0.0,0.0,0.0,0.0,0,0,0,0,0,0,0,0,0,0,0,0,0,0,0
armuwmme,Armada,Naval Advanced Metal Extractor,ArmBuildings,metal,14900.0,620.0,7700.0,2800.0,0,0,0,30.0,0,182.0,0,0,0,2,0,0.0,0.0,0.0,0.0,0.0,0,0,0,0,0,0,0,0,0,0,0,0,0,0,0
armuwmmm,Armada,Naval Advanced Energy Converter,ArmBuildings,metal,35000.0,380.0,21000.0,445.0,0,0,0,16.0,0,156.0,0,0,0,2,0,0.0,0.0,0.0,0.0,0.0,0,0,0,0,0,0,0,0,0,0,0,0,0,0,0
armuwms,Armada,Naval Metal Storage,ArmBuildings,metal,2920.0,330.0,570.0,3600.0,0,0,0,20.0,0,182.0,0,0,0,1,0,0.0,0.0,0.0,0.0,0.0,0,0,0,0,0,0,0,0,0,0,0,0,0,0,0
armveil,Armada,Veil,ArmBuildings,util,9100.0,125.0,19000.0,830.0,0,0,0,10.0,0,155.0,0,0,0,2,0,0.0,0.0,0.0,0.0,0.0,0,0,0,0,0,0,0,0,0,0,0,0,0,0,0
armvp,Armada,Vehicle Plant,ArmBuildings,builder,5700.0,590.0,1550.0,3000.0,0,0,0,15.0,0,273.0,0,0,1,1,0,0.0,0.0,0.0,0.0,0.0,0,0,0,0,0,0,0,0,0,0,0,0,0,0,0
armvulc,Armada,Ragnarok,ArmBuildings,weapon,1400000.0,70000.0,830000.0,32000.0,0,0,0,13.0,0,700.0,0,0,0,2,1,2708.33,2708.33,5750.0,5750.0,135.0,0,0,0,1,0,0,0,0,0,0,0,0,0,0,0
armwin,Armada,Wind Turbine,ArmBuildings,energy,1600.0,40.0,175.0,196.0,0,0,0,10.0,0,273.0,0,0,0,1,0,0.0,0.0,0.0,0.0,0.0,0,0,0,0,0,0,0,0,0,0,0,0,0,0,0
armbanth,Armada,Titan,ArmGantry,weapon,360000.0,13500.0,286000.0,69000.0,45.6,0.11845,0.7521,17.0,12.0,617.0,1214.40002,1,1,3,4,800.0,1452.5,860.0,0.0,128.0,0,0,0,1,1,1,0,1,0,0,0,0,0,0,0
armlun,Armada,Lunkhead,ArmGantry,weapon,40000.0,1150.0,23000.0,5300.0,50.1,0.01788,0.01788,16.0,0,620.0,250.0,1,1,3,2,205.56,318.06,575.0,400.0,160.0,0,1,0,1,0,0,0,0,1,0,0,0,0,0,0
armmar,Armada,Marauder,ArmGantry,weapon,33000.0,970.0,21000.0,4900.0,94.5,0.253,0.8211,17.0,32.0,455.0,1214.40002,1,1,3,2,335.71,378.57,600.0,350.0,48.0,1,0,0,1,0,0,1,0,0,0,0,0,0,0,0
armraz,Armada,Razorback,ArmGantry,weapon,120000.0,3800.0,68000.0,13300.0,69.0,0.2369,0.9039,15.0,22.0,450.0,600.0,1,1,3,1,183.16,183.16,475.0,475.0,32.0,0,0,0,0,1,0,0,0,0,0,0,0,0,0,0
armthor,Armada,Thor,ArmGantry,emp,320000.0,9000.0,240000.0,56000.0,54.0,0.015,0.03,14.0,20.0,600.0,180.0,1,1,3,4,1200.0,2496.77,1050.0,350.0,196.0,0,0,1,0,2,0,0,1,0,0,0,0,0,0,1
armvang,Armada,Vanguard,ArmGantry,weapon,120000.0,3300.0,71000.0,8500.0,33.0,0.02645,0.345,17.0,0,625.0,265.64999,1,1,3,3,158.12,316.25,1450.0,1450.0,192.0,0,0,0,3,0,0,0,0,0,0,0,0,0,0,0
armah,Armada,Sweeper,ArmHovercraft,aa,3560.0,230.0,4500.0,1070.0,88.5,0.06585,0.06585,16.0,0,509.0,490.0,1,1,1,2,28.18,28.18,830.0,700.0,48.0,1,0,0,1,0,0,1,0,0,0,0,0,0,0,0
armanac,Armada,Crocodile,ArmHovercraft,weapon,3000.0,270.0,2400.0,1530.0,69.99,0.05333,0.05333,16.0,0,509.0,525.0,1,1,1,1,70.0,70.0,370.0,370.0,32.0,0,0,0,1,0,0,0,0,0,0,0,0,0,0,0
armch,Armada,Construction Hovercraft,ArmHovercraft,builder,4470.0,200.0,2700.0,1440.0,66.9,0.04318,0.12,16.0,0,351.0,425.0,1,1,1,0,0.0,0.0,0.0,0.0,0.0,0,0,0,0,0,0,0,0,0,0,0,0,0,0,0
armmh,Armada,Possum,ArmHovercraft,weapon,3300.0,175.0,3000.0,530.0,63.9,0.04561,0.04561,16.0,0,509.0,470.0,1,1,1,1,50.0,50.0,710.0,710.0,64.0,0,0,0,0,0,0,0,1,0,0,0,0,0,0,0
armsh,Armada,Seeker,ArmHovercraft,weapon,1700.0,85.0,1250.0,290.0,113.7,0.1105,0.1105,16.0,0,550.0,640.0,1,1,1,1,60.0,60.0,230.0,230.0,8.0,0,0,0,0,1,0,0,0,0,0,0,0,0,0,0
armcsa,Armada,Construction Seaplane,ArmSeaplanes,builder,14500.0,150.0,7800.0,405.0,192.0,0.07,0.4275,10.0,255.0,430.0,240.0,0,1,1,0,0.0,0.0,0.0,0.0,0.0,0,0,0,0,0,0,0,0,0,0,0,0,0,0,0
armsaber,Armada,Sabre,ArmSeaplanes,weapon,11000.0,210.0,6400.0,1010.0,156.89999,0.24,0.46,10.0,255.0,595.0,720.0,0,1,1,1,66.67,66.67,425.0,425.0,20.0,0,0,0,0,0,1,0,0,0,0,0,0,0,0,0
armsb,Armada,Tsunami,ArmSeaplanes,weapon,10000.0,240.0,7500.0,1170.0,267.29999,0.06,0.045,10.0,255.0,455.0,0,0,1,1,1,28.57,28.57,1280.0,1280.0,128.0,0,0,0,0,0,0,0,0,0,0,1,0,0,0,0
armseap,Armada,Puffin,ArmSeaplanes,sub,18000.0,290.0,6500.0,1380.0,271.20001,0.2,0.375,10.0,255.0,535.0,720.0,0,1,1,1,114.0,114.0,600.0,600.0,16.0,0,1,0,0,0,0,0,0,1,0,0,0,0,0,0
armsehak,Armada,Horizon,ArmSeaplanes,util,11000.0,125.0,7000.0,580.0,338.10001,0.1325,0.05,10.0,255.0,1100.0,0,0,1,1,0,0.0,0.0,0.0,0.0,0.0,0,0,0,0,0,0,0,0,0,0,0,0,0,0,0
armsfig,Armada,Cyclone,ArmSeaplanes,aa,7000.0,90.0,4500.0,220.0,310.79999,0.2075,0.1,10.0,255.0,430.0,0,0,1,1,1,252.0,252.0,710.0,710.0,8.0,1,0,0,0,0,0,1,0,0,0,0,0,0,0,0
armaas,Armada,Dragonslayer,ArmShips,aa,21000.0,1000.0,12000.0,3900.0,63.0,0.03875,0.03875,0,0,475.0,405.0,1,1,2,3,272.73,351.48,840.0,790.0,140.0,1,0,0,2,0,0,1,0,0,0,0,0,0,0,0
armacsub,Armada,Advanced Construction Sub,ArmShips,buildert2,23000.0,700.0,9000.0,1110.0,72.0,0.04428,0.04428,0,0,156.0,405.0,1,1,2,0,0.0,0.0,0.0,0.0,0.0,0,0,0,0,0,0,0,0,0,0,0,0,0,0,0
armantiship,Armada,Haven,ArmShips,antinuke,27000.0,1400.0,12000.0,5000.0,63.0,0.01722,0.01722,0,0,1000.0,180.0,1,1,2,1,750.0,750.0,72000.0,72000.0,420.0,0,0,0,0,0,0,0,1,0,0,0,0,0,0,0
armbats,Armada,Dreadnought,ArmShips,weapon,50000.0,3300.0,22000.0,9800.0,57.9,0.01583,0.01583,0,0,600.0,180.0,1,1,2,2,300.0,600.0,880.0,880.0,140.0,0,0,0,2,0,0,0,0,0,0,0,0,0,0,0
armcrus,Armada,Paladin,ArmShips,weaponsub,23000.0,1000.0,12000.0,5600.0,60.0,0.02952,0.02952,0,0,600.0,270.0,1,1,2,3,225.23,482.28,500.0,430.0,32.0,0,1,0,1,1,0,0,0,1,0,0,0,0,0,0
armcs,Armada,Construction Ship,ArmShips,builder,3460.0,200.0,2000.0,1040.0,65.4,0.04022,0.04022,0,0,400.0,405.0,1,1,1,0,0.0,0.0,0.0,0.0,0.0,0,0,0,0,0,0,0,0,0,0,0,0,0,0,0
armdecade,Armada,Dolphin,ArmShips,weapon,2450.0,175.0,1500.0,970.0,104.7,0.1004,0.1004,0,0,375.0,450.0,1,1,1,2,22.5,45.0,280.0,280.0,8.0,0,0,0,2,0,0,0,0,0,0,0,0,0,0,0
armepoch,Armada,Epoch,ArmShips,weapon,290000.0,20000.0,190000.0,50000.0,53.85,0.01104,0.01104,0,0,689.0,135.0,1,1,2,7,225.0,1137.18,2450.0,830.0,160.0,1,0,0,5,0,0,2,0,0,0,0,0,0,0,0
armlship,Armada,Maelstrom,ArmShips,weapon,15000.0,570.0,11400.0,2200.0,99.0,0.065,0.065,0,0,500.0,450.0,1,1,2,2,69.0,94.0,710.0,400.0,48.0,1,0,0,0,0,0,1,0,0,0,0,0,0,0,1
armmls,Armada,Voyager,ArmShips,buildert2,6000.0,190.0,3200.0,1460.0,66.0,0.04059,0.04059,0,0,300.0,405.0,1,1,2,0,0.0,0.0,0.0,0.0,0.0,0,0,0,0,0,0,0,0,0,0,0,0,0,0,0
armmship,Armada,Longbow,ArmShips,weapon,24000.0,2000.0,10000.0,3350.0,63.0,0.0287,0.0387,0,0,318.5,350.0,1,1,2,2,108.33,177.33,1550.0,710.0,300.0,1,0,0,1,0,0,1,0,0,0,0,0,0,0,0
armpship,Armada,Ellysaw,ArmShips,weapon,4250.0,380.0,2550.0,2150.0,81.0,0.04771,0.04771,0,0,500.0,375.0,1,1,1,2,58.33,116.67,470.0,470.0,36.0,0,0,0,2,0,0,0,0,0,0,0,0,0,0,0
armpt,Armada,Skater,ArmShips,weaponaa,2700.0,150.0,1000.0,780.0,93.0,0.07011,0.07011,0,0,750.0,540.0,1,1,1,2,65.45,122.6,760.0,300.0,48.0,1,0,0,0,1,0,1,0,0,0,0,0,0,0,0
armrecl,Armada,Grim Reaper,ArmShips,builder,6200.0,210.0,3000.0,420.0,66.0,0.05262,0.05262,0,0,300.0,525.0,1,1,1,0,0.0,0.0,0.0,0.0,0.0,0,0,0,0,0,0,0,0,0,0,0,0,0,0,0
armroy,Armada,Corsair,ArmShips,weaponsub,10200.0,880.0,6600.0,3700.0,67.2,0.03061,0.03061,0,0,500.0,300.0,1,1,1,2,146.88,259.38,700.0,400.0,48.0,0,1,0,1,0,0,0,0,1,0,0,0,0,0,0
armserp,Armada,Serpent,ArmShips,sub,32000.0,1800.0,27000.0,3550.0,45.0,0.02,0.02,0,0,550.0,400.0,1,1,2,2,103.12,206.25,800.0,800.0,120.0,0,1,0,0,0,0,0,0,2,0,0,0,0,0,0
armsjam,Armada,Bermuda,ArmShips,util,20000.0,310.0,5000.0,1350.0,45.0,0.04059,0.04059,0,0,390.0,405.0,1,1,2,0,0.0,0.0,0.0,0.0,0.0,0,0,0,0,0,0,0,0,0,0,0,0,0,0,0
armsub,Armada,Eel,ArmShips,sub,5800.0,440.0,3100.0,840.0,66.0,0.04592,0.04592,0,0,400.0,480.0,1,1,1,1,85.5,85.5,500.0,500.0,64.0,0,1,0,0,0,0,0,0,1,0,0,0,0,0,0
armsubk,Armada,Barracuda,ArmShips,sub,28000.0,950.0,17000.0,2350.0,81.0,0.05,0.05,0,0,390.0,540.0,1,1,2,1,175.0,175.0,400.0,400.0,16.0,0,1,0,0,0,0,0,0,1,0,0,0,0,0,0
armacv,Armada,Advanced Construction Vehicle,ArmVehicles,buildert2,16000.0,550.0,6800.0,2050.0,52.5,0.02963,0.11852,16.0,18.0,289.89999,399.0,1,1,2,0,0.0,0.0,0.0,0.0,0.0,0,0,0,0,0,0,0,0,0,0,0,0,0,0,0
armart,Armada,Shellshocker,ArmVehicles,weapon,3000.0,135.0,2200.0,620.0,54.0,0.02727,0.05454,15.0,8.0,364.0,393.79999,1,1,1,1,42.33,42.33,710.0,710.0,75.0,0,0,0,1,0,0,0,0,0,0,0,0,0,0,0
armbeaver,Armada,Beaver,ArmVehicles,builder,6700.0,150.0,3100.0,1030.0,42.0,0.01842,0.11052,16.0,255.0,266.0,311.0,1,1,1,0,0.0,0.0,0.0,0.0,0.0,0,0,0,0,0,0,0,0,0,0,0,0,0,0,0
armbull,Armada,Bull,ArmVehicles,weapon,23000.0,950.0,13000.0,4650.0,62.0,0.03542,0.07083,12.0,15.0,494.0,365.0,1,1,2,1,245.45,245.45,460.0,460.0,130.0,0,0,0,1,0,0,0,0,0,0,0,0,0,0,0
armconsul,Armada,Consul,ArmVehicles,buildert2,8500.0,250.0,4300.0,1080.0,78.0,0.07029,0.14059,18.0,18.0,500.0,635.0,1,1,2,0,0.0,0.0,0.0,0.0,0.0,0,0,0,0,0,0,0,0,0,0,0,0,0,0,0
armcroc,Armada,Turtle,ArmVehicles,weapon,21000.0,750.0,15000.0,5000.0,54.0,0.03252,0.06504,12.0,255.0,500.0,360.0,1,1,2,2,140.62,175.92,765.0,480.0,64.0,1,0,0,1,0,0,1,0,0,0,0,0,0,0,0
armcv,Armada,Construction Vehicle,ArmVehicles,builder,4050.0,135.0,1950.0,1380.0,54.0,0.03329,0.13316,16.0,18.0,253.0,435.0,1,1,1,0,0.0,0.0,0.0,0.0,0.0,0,0,0,0,0,0,0,0,0,0,0,0,0,0,0
armfav,Armada,Rover,ArmVehicles,weapon,950.0,31.0,370.0,105.0,168.0,0.16659,0.33318,26.0,12.0,635.0,653.0,1,1,1,1,35.0,35.0,180.0,180.0,8.0,0,0,0,0,1,0,0,0,0,0,0,0,0,0,0
armflash,Armada,Blitz,ArmVehicles,weapon,1960.0,110.0,900.0,750.0,101.0,0.06788,0.13575,10.0,12.0,350.0,544.0,1,1,1,1,30.0,30.0,180.0,180.0,8.0,0,0,0,1,0,0,0,0,0,0,0,0,0,0,0
armgremlin,Armada,Gremlin,ArmVehicles,weapon,8500.0,230.0,3700.0,1060.0,70.5,0.0697,0.13939,12.0,0,494.0,701.79999,1,1,2,1,87.5,87.5,220.0,220.0,8.0,0,0,0,1,0,0,0,0,0,0,0,0,0,0,0
armjam,Armada,Umbra,ArmVehicles,util,7000.0,105.0,1700.0,510.0,33.0,0.02416,0.04831,16.0,0,300.0,505.0,1,1,2,0,0.0,0.0,0.0,0.0,0.0,0,0,0,0,0,0,0,0,0,0,0,0,0,0,0
armjanus,Armada,Janus,ArmVehicles,weapon,3550.0,240.0,2600.0,1030.0,54.0,0.02111,0.04222,10.0,12.0,325.0,271.0,1,1,1,2,44.0,88.0,380.0,380.0,128.0,0,0,0,0,0,0,2,0,0,0,0,0,0,0,0
armlatnk,Armada,Jaguar,ArmVehicles,weaponaa,8000.0,330.0,6400.0,1060.0,90.0,0.05833,0.11666,10.0,12.0,390.0,440.0,1,1,2,2,42.86,57.52,600.0,300.0,48.0,1,0,0,0,0,0,1,0,0,0,0,0,0,0,1
armmanni,Armada,Starlight,ArmVehicles,weapon,33000.0,1200.0,18500.0,2800.0,42.0,0.00715,0.01431,12.0,0,650.0,120.8,1,1,2,1,531.91,531.91,950.0,950.0,12.0,0,0,0,0,1,0,0,0,0,0,0,0,0,0,0
armmart,Armada,Mauser,ArmVehicles,weapon,8500.0,320.0,4900.0,1070.0,60.0,0.033,0.066,12.0,0,286.0,270.0,1,1,2,1,85.25,85.25,820.0,820.0,120.0,0,0,0,1,0,0,0,0,0,0,0,0,0,0,0
armmerl,Armada,Ambassador,ArmVehicles,weapon,21000.0,920.0,6500.0,1220.0,33.0,0.02489,0.04978,16.0,12.0,247.0,520.29999,1,1,2,1,105.56,105.56,1300.0,1300.0,150.0,0,0,0,0,0,0,0,1,0,0,0,0,0,0,0
armmlv,Armada,Groundhog,ArmVehicles,builder,3520.0,57.0,1100.0,335.0,75.0,0.07135,0.1427,16.0,0,450.0,629.0,1,1,1,1,5.0,5.0,220.0,220.0,48.0,0,0,0,1,0,0,0,0,0,0,0,0,0,0,0
armpincer,Armada,Pincer,ArmVehicles,weapon,2610.0,200.0,2000.0,1340.0,63.0,0.03572,0.07144,15.0,125.0,500.0,398.0,1,1,1,1,77.33,77.33,305.0,305.0,8.0,0,0,0,1,0,0,0,0,0,0,0,0,0,0,0
armsam,Armada,Whistler,ArmVehicles,weaponaa,3420.0,150.0,2100.0,820.0,55.0,0.0236,0.0472,16.0,12.0,620.0,370.0,1,1,1,2,48.0,73.8,700.0,550.0,48.0,1,0,0,0,0,0,2,0,0,0,0,0,0,0,0
armseer,Armada,Prophet,ArmVehicles,util,7500.0,125.0,2000.0,980.0,57.0,0.04878,0.09757,16.0,0,900.0,605.0,1,1,2,0,0.0,0.0,0.0,0.0,0.0,0,0,0,0,0,0,0,0,0,0,0,0,0,0,0
armstump,Armada,Stout,ArmVehicles,weapon,2900.0,225.0,2000.0,1780.0,75.9,0.0438,0.08759,10.0,12.0,325.0,340.0,1,1,1,1,83.14,83.14,350.0,350.0,48.0,0,0,0,1,0,0,0,0,0,0,0,0,0,0,0
armyork,Armada,Shredder,ArmVehicles,aa,13000.0,450.0,9100.0,2600.0,70.5,0.06111,0.12223,16.0,12.0,390.0,618.20001,1,1,2,2,272.73,272.73,775.0,775.0,140.0,1,0,0,2,0,0,0,0,0,0,0,0,0,0,0
armcom,Armada,Armada Commander,armcom.lua,builder,75000.0,2700.0,26000.0,3700.0,37.5,0.18,1.125,20.0,35.0,450.0,1148.0,0,1,1,3,200.0,387.5,300.0,250.0,36.0,0,1,0,0,2,0,0,0,0,0,0,0,1,0,0
coraca,Cortex,Advanced Construction Aircraft,CorAircraft,buildert2,22000.0,360.0,11000.0,205.0,181.5,0.065,0.4275,10.0,0,430.0,240.0,0,1,2,0,0.0,0.0,0.0,0.0,0.0,0,0,0,0,0,0,0,0,0,0,0,0,0,0,0
corape,Cortex,Wasp,CorAircraft,weapon,18000.0,370.0,6800.0,1560.0,159.0,0.2,0.2,10.0,0,550.0,600.0,0,1,2,1,110.91,110.91,410.0,410.0,128.0,0,0,0,0,0,0,1,0,0,0,0,0,0,0,0
corawac,Cortex,Condor,CorAircraft,util,16000.0,180.0,8300.0,990.0,321.0,0.1575,0.0375,10.0,0,1250.0,0,0,1,2,0,0.0,0.0,0.0,0.0,0.0,0,0,0,0,0,0,0,0,0,0,0,0,0,0,0
corbw,Cortex,Shuriken,CorAircraft,emp,2070.0,58.0,1300.0,83.0,280.5,0.25,0.55,10.0,0,430.0,1100.0,0,1,1,1,500.0,500.0,220.0,220.0,8.0,0,0,1,0,1,0,0,0,0,0,0,0,0,0,0
corca,Cortex,Construction Aircraft,CorAircraft,builder,8360.0,115.0,3200.0,161.0,201.0,0.06,0.4275,10.0,0,430.0,240.0,0,1,1,0,0.0,0.0,0.0,0.0,0.0,0,0,0,0,0,0,0,0,0,0,0,0,0,0,0
corcrwh,Cortex,Dragon,CorAircraft,weapon,120000.0,5100.0,72000.0,16700.0,114.9,0.15,0.15,10.0,0,494.0,300.0,0,1,2,6,112.5,560.0,840.0,450.0,128.0,1,0,0,0,4,0,1,0,0,0,0,1,0,0,0
corfink,Cortex,Finch,CorAircraft,util,2400.0,51.0,1450.0,100.0,360.0,0.1825,0.0125,10.0,0,835.0,0,0,1,1,0,0.0,0.0,0.0,0.0,0.0,0,0,0,0,0,0,0,0,0,0,0,0,0,0,0
corhurc,Cortex,Hailstorm,CorAircraft,weapon,36000.0,310.0,18500.0,1520.0,248.399,0.0525,0.045,10.0,0,430.0,0,0,1,2,1,47.57,47.57,1280.0,1280.0,180.0,0,0,0,0,0,0,0,0,0,0,1,0,0,0,0
corhvytrans,Cortex,Hephaestus,CorAircraft,,8500.0,190.0,4000.0,800.0,100.0,0.09,0.75,10.0,0,430.0,550.0,0,1,1,0,0.0,0.0,0.0,0.0,0.0,0,0,0,0,0,0,0,0,0,0,0,0,0,0,0
corseah,Cortex,Skyhook,CorAircraft,,12500.0,370.0,6400.0,2200.0,200.0,0.15,0.5,10.0,0,500.0,380.0,0,1,2,0,0.0,0.0,0.0,0.0,0.0,0,0,0,0,0,0,0,0,0,0,0,0,0,0,0
corshad,Cortex,Whirlwind,CorAircraft,weapon,5050.0,150.0,4600.0,680.0,234.0,0.0575,0.055,10.0,0,430.0,0,0,1,1,1,18.67,18.67,1280.0,1280.0,168.0,0,0,0,0,0,0,0,0,0,0,1,0,0,0,0
cortitan,Cortex,Angler,CorAircraft,sub,18000.0,410.0,8200.0,1960.0,279.0,0.1325,0.0725,10.0,0,500.0,0,0,1,2,1,150.0,150.0,400.0,400.0,150.0,0,1,0,0,0,0,0,0,1,0,0,0,0,0,0
corvalk,Cortex,Hercules,CorAircraft,,4120.0,74.0,1450.0,280.0,198.0,0.09,0.75,10.0,0,430.0,550.0,0,1,1,0,0.0,0.0,0.0,0.0,0.0,0,0,0,0,0,0,0,0,0,0,0,0,0,0,0
corvamp,Cortex,Nighthawk,CorAircraft,aa,10000.0,135.0,4750.0,290.0,379.5,0.2075,0.0875,10.0,0,430.0,0,0,1,2,1,500.0,500.0,740.0,740.0,8.0,1,0,0,0,0,0,1,0,0,0,0,0,0,0,0
corveng,Cortex,Valiant,CorAircraft,aa,3330.0,73.0,2800.0,156.0,297.60001,0.1825,0.065,10.0,0,430.0,0,0,1,1,1,138.89,138.89,680.0,680.0,8.0,1,0,0,0,0,0,1,0,0,0,0,0,0,0,0
coraak,Cortex,Manticore,CorBots,aa,11000.0,650.0,6200.0,3200.0,34.5,0.138,0.6486,0,0,390.0,1048.79993,1,1,2,2,156.25,210.8,1300.0,775.0,140.0,1,0,0,1,0,0,1,0,0,0,0,0,0,0,0
corack,Cortex,Advanced Construction Bot,CorBots,buildert2,12500.0,470.0,6900.0,1000.0,33.0,0.4692,2.9325,20.0,25.0,318.5,1075.25,1,1,2,0,0.0,0.0,0.0,0.0,0.0,0,0,0,0,0,0,0,0,0,0,0,0,0,0,0
corak,Cortex,Grunt,CorBots,weapon,1250.0,42.0,820.0,280.0,81.0,0.4,0.7,17.0,25.0,500.0,1200.0,1,1,1,1,74.0,74.0,215.0,215.0,8.0,0,0,0,0,1,0,0,0,0,0,0,0,0,0,0
coramph,Cortex,Duck,CorBots,weaponsub,12500.0,330.0,9500.0,2350.0,55.5,0.1035,0.6486,14.0,0,400.0,1147.69995,1,1,2,2,132.35,174.02,400.0,300.0,16.0,0,1,0,0,1,0,0,0,1,0,0,0,0,0,0
corcan,Cortex,Sumo,CorBots,weapon,15000.0,560.0,9300.0,5940.0,37.5,0.138,0.6486,14.0,21.0,350.0,1115.5,1,1,2,2,343.75,343.75,275.0,275.0,8.0,0,0,0,1,1,0,0,0,0,0,0,0,0,0,0
corck,Cortex,Construction Bot,CorBots,builder,3550.0,120.0,1750.0,750.0,34.5,0.5244,3.2775,20.0,25.0,299.0,1201.75,1,1,1,0,0.0,0.0,0.0,0.0,0.0,0,0,0,0,0,0,0,0,0,0,0,0,0,0,0
corcrash,Cortex,Trasher,CorBots,aa,1900.0,125.0,1100.0,640.0,53.49,0.138,0.6486,15.0,0,379.60001,1278.79993,1,1,1,2,55.0,55.0,800.0,760.0,48.0,1,0,0,1,0,0,1,0,0,0,0,0,0,0,0
cordecom,Cortex,Commander,CorBots,buildert2,33000.0,750.0,13000.0,3700.0,37.5,0.18,1.125,20.0,35.0,450.0,1133.0,0,1,2,3,187.5,294.44,300.0,260.0,36.0,0,1,0,0,2,0,0,0,0,0,0,0,1,0,0
corfast,Cortex,Twitcher,CorBots,buildert2,8000.0,210.0,3800.0,830.0,90.0,0.23,1.725,17.0,22.0,520.0,1391.5,1,1,2,0,0.0,0.0,0.0,0.0,0.0,0,0,0,0,0,0,0,0,0,0,0,0,0,0,0
corhrk,Cortex,Arbiter,CorBots,weapon,9500.0,600.0,5800.0,610.0,54.0,0.1265,0.6486,14.0,21.0,370.5,1268.44995,1,1,2,1,100.0,100.0,1210.0,1210.0,70.0,0,0,0,0,0,0,0,1,0,0,0,0,0,0,0
cormando,Cortex,Commando,CorBots,buildert2,24000.0,1200.0,15500.0,1560.0,75.0,0.4025,1.725,20.0,0,600.0,1168.40002,1,1,2,1,200.0,200.0,300.0,300.0,70.0,0,0,0,0,0,1,0,0,0,0,0,0,0,0,0
cormort,Cortex,Sheldon,CorBots,weapon,7000.0,400.0,2800.0,940.0,50.4,0.1518,0.77625,14.0,12.0,300.0,1263.84998,1,1,2,1,65.62,65.62,850.0,850.0,36.0,0,0,0,1,0,0,0,0,0,0,0,0,0,0,0
cornecro,Cortex,Graverobber,CorBots,builder,2800.0,130.0,1400.0,220.0,78.0,0.23,0.8625,14.0,22.0,430.0,1285.69995,1,1,1,0,0.0,0.0,0.0,0.0,0.0,0,0,0,0,0,0,0,0,0,0,0,0,0,0,0
corpyro,Cortex,Fiend,CorBots,weapon,6500.0,200.0,3000.0,1060.0,82.5,0.5175,2.2425,17.0,25.0,318.0,1316.75,1,1,2,1,15.0,15.0,230.0,230.0,48.0,0,0,0,0,0,0,0,0,0,0,0,1,0,0,0
corroach,Cortex,Bedbug,CorBots,explo,7900.0,69.0,5800.0,620.0,76.0,0.138,0.5175,32.0,112.0,260.0,1733.04993,1,1,2,2,10000.0,10000.0,42.0,1.0,5.0,0,1,0,1,0,0,0,0,0,0,0,0,0,0,1
corsktl,Cortex,Skuttle,CorBots,explo,23000.0,755.0,27000.0,355.0,84.0,0.138,0.6486,255.0,30.0,260.0,1290.29993,1,1,2,2,10000.0,10000.0,42.0,1.0,5.0,0,1,0,1,0,0,0,0,0,0,0,0,0,0,1
corspec,Cortex,Deceiver,CorBots,util,6500.0,75.0,1550.0,345.0,39.0,0.115,0.414,32.0,112.0,250.0,1086.75,1,1,2,0,0.0,0.0,0.0,0.0,0.0,0,0,0,0,0,0,0,0,0,0,0,0,0,0,0
corspy,Cortex,Spectre,CorBots,buildert2,12000.0,165.0,12500.0,380.0,62.099,0.276,0.60375,32.0,112.0,550.0,1518.0,1,1,2,1,0.0,0.0,100.0,100.0,0.0,0,1,0,0,0,0,0,0,0,0,0,0,0,0,1
corstorm,Cortex,Aggravator,CorBots,weapon,1950.0,110.0,1150.0,740.0,47.7,0.1242,0.6486,14.0,21.0,344.5,1268.44995,1,1,1,1,41.32,41.32,475.0,475.0,48.0,0,0,0,0,0,0,1,0,0,0,0,0,0,0,0
corsumo,Cortex,Mammoth,CorBots,weapon,65000.0,2200.0,35000.0,15600.0,22.5,0.0552,0.43125,15.0,23.0,510.0,368.0,1,1,2,2,503.33,503.33,650.0,650.0,12.0,0,0,0,1,1,0,0,0,0,0,0,0,0,0,0
cortermite,Cortex,Termite,CorBots,weapon,17000.0,540.0,8100.0,3100.0,50.0,0.19665,0.60375,50.0,30.0,380.0,1214.40002,1,1,2,1,331.25,331.25,340.0,340.0,42.0,0,0,0,0,1,0,0,0,0,0,0,0,0,0,0
corthud,Cortex,Thug,CorBots,weapon,2100.0,140.0,1150.0,1100.0,45.0,0.12995,0.77625,14.0,12.0,380.0,1263.84998,1,1,1,1,60.0,60.0,380.0,380.0,36.0,0,0,0,1,0,0,0,0,0,0,0,0,0,0,0
corvoyr,Cortex,Augur,CorBots,util,5000.0,99.0,1350.0,390.0,45.0,0.05635,0.05175,16.0,0,925.0,670.45001,1,1,2,0,0.0,0.0,0.0,0.0,0.0,0,0,0,0,0,0,0,0,0,0,0,0,0,0,0
coraap,Cortex,Advanced Aircraft Plant,CorBuildings,buildert2,32000.0,2900.0,28000.0,3900.0,0,0,0,15.0,0,305.5,0,0,1,2,0,0.0,0.0,0.0,0.0,0.0,0,0,0,0,0,0,0,0,0,0,0,0,0,0,0
coradvsol,Cortex,Advanced Solar Collector,CorBuildings,energy,8150.0,370.0,4000.0,1200.0,0,0,0,10.0,0,260.0,0,0,0,1,0,0.0,0.0,0.0,0.0,0.0,0,0,0,0,0,0,0,0,0,0,0,0,0,0,0
corafus,Cortex,Advanced Fusion Reactor,CorBuildings,energy,329200.0,9700.0,48000.0,9400.0,0,0,0,13.0,0,273.0,0,0,0,2,0,0.0,0.0,0.0,0.0,0.0,0,0,0,0,0,0,0,0,0,0,0,0,0,0,0
corageo,Cortex,Advanced Geothermal Powerplant,CorBuildings,energy,48000.0,1500.0,27000.0,4150.0,0,0,0,20.0,5.0,273.0,0,0,0,2,0,0.0,0.0,0.0,0.0,0.0,0,0,0,0,0,0,0,0,0,0,0,0,0,0,0
coralab,Cortex,Advanced Bot Lab,CorBuildings,buildert2,26000.0,2600.0,16000.0,4500.0,0,0,0,15.0,0,288.60001,0,0,1,2,0,0.0,0.0,0.0,0.0,0.0,0,0,0,0,0,0,0,0,0,0,0,0,0,0,0
coramsub,Cortex,Amphibious Complex,CorBuildings,builder,11400.0,1200.0,5600.0,2800.0,0,0,0,10.0,0,240.0,0,0,1,1,0,0.0,0.0,0.0,0.0,0.0,0,0,0,0,0,0,0,0,0,0,0,0,0,0,0
corap,Cortex,Aircraft Plant,CorBuildings,builder,5380.0,630.0,1100.0,2150.0,0,0,0,15.0,0,273.0,0,0,1,1,0,0.0,0.0,0.0,0.0,0.0,0,0,0,0,0,0,0,0,0,0,0,0,0,0,0
corarad,Cortex,Advanced Radar Tower,CorBuildings,util,8000.0,400.0,14000.0,365.0,0,0,0,10.0,0,780.0,0,0,0,2,0,0.0,0.0,0.0,0.0,0.0,0,0,0,0,0,0,0,0,0,0,0,0,0,0,0
corason,Cortex,Advanced Sonar Station,CorBuildings,util,6100.0,160.0,2400.0,2400.0,0,0,0,10.0,0,210.0,0,0,0,2,0,0.0,0.0,0.0,0.0,0.0,0,0,0,0,0,0,0,0,0,0,0,0,0,0,0
corasy,Cortex,Advanced Shipyard,CorBuildings,buildert2,24000.0,2800.0,10000.0,5900.0,0,0,0,0,0,301.60001,0,0,1,2,0,0.0,0.0,0.0,0.0,0.0,0,0,0,0,0,0,0,0,0,0,0,0,0,0,0
coratl,Cortex,Lamprey,CorBuildings,sub,10900.0,1050.0,8500.0,2800.0,0,0,0,0,0,585.0,0,0,0,2,1,359.48,359.48,890.0,890.0,16.0,0,1,0,0,0,0,0,0,1,0,0,0,0,0,0
coravp,Cortex,Advanced Vehicle Plant,CorBuildings,buildert2,28000.0,2600.0,16000.0,5100.0,0,0,0,15.0,0,286.0,0,0,1,2,0,0.0,0.0,0.0,0.0,0.0,0,0,0,0,0,0,0,0,0,0,0,0,0,0,0
corbhmth,Cortex,Cerberus,CorBuildings,energy,59600.0,3100.0,35000.0,8300.0,0,0,0,10.0,0,650.0,0,0,0,2,3,108.02,324.05,1650.0,1650.0,192.0,0,0,0,3,0,0,0,0,0,0,0,0,0,0,0
corbuzz,Cortex,Calamity,CorBuildings,weapon,1400000.0,68000.0,800000.0,33500.0,0,0,0,13.0,0,700.0,0,0,0,2,1,2666.67,2666.67,6100.0,6100.0,157.0,0,0,0,1,0,0,0,0,0,0,0,0,0,0,0
cordl,Cortex,Jellyfish,CorBuildings,sub,6200.0,250.0,2200.0,2350.0,0,0,0,15.0,0,611.0,0,0,0,1,1,150.0,150.0,600.0,600.0,0.0,0,1,0,0,0,0,0,0,1,0,0,0,0,0,0
cordoom,Cortex,Bulwark,CorBuildings,weapon,55200.0,3000.0,37000.0,9400.0,0,0,0,10.0,0,780.0,0,0,0,2,3,750.0,1363.13,950.0,370.0,12.0,0,0,0,0,3,0,0,0,0,0,0,0,0,0,0
cordrag,Cortex,Dragon's Teeth,CorBuildings,util,255.0,8.0,0,2800.0,0,0,0,64.0,0,1.0,0,0,0,1,0,0.0,0.0,0.0,0.0,0.0,0,0,0,0,0,0,0,0,0,0,0,0,0,0,0
corenaa,Cortex,Naval Birdshot,CorBuildings,aa,23100.0,890.0,25000.0,2000.0,0,0,0,0,0,550.0,0,0,0,2,1,468.75,468.75,775.0,775.0,192.0,1,0,0,1,0,0,0,0,0,0,0,0,0,0,0
corerad,Cortex,Eradicator,CorBuildings,aa,12000.0,800.0,7900.0,4450.0,0,0,0,10.0,0,380.0,0,0,0,1,1,156.25,156.25,1125.0,1125.0,48.0,1,0,0,0,0,0,1,0,0,0,0,0,0,0,0
corestor,Cortex,Energy Storage,CorBuildings,energy,4260.0,175.0,1800.0,2000.0,0,0,0,10.0,0,273.0,0,0,0,1,0,0.0,0.0,0.0,0.0,0.0,0,0,0,0,0,0,0,0,0,0,0,0,0,0,0
corexp,Cortex,Exploiter,CorBuildings,metal,2900.0,240.0,1900.0,1440.0,0,0,0,30.0,20.0,455.0,0,0,0,1,1,241.07,241.07,435.0,435.0,12.0,0,0,0,0,1,0,0,0,0,0,0,0,0,0,0
coreyes,Cortex,Beholder,CorBuildings,util,750.0,32.0,850.0,280.0,0,0,0,24.0,0,540.0,0,0,0,1,0,0.0,0.0,0.0,0.0,0.0,0,0,0,0,0,0,0,0,0,0,0,0,0,0,0
corfatf,Cortex,Naval Pinpointer,CorBuildings,util,10300.0,800.0,7500.0,1530.0,0,0,0,10.0,0,273.0,0,0,0,2,0,0.0,0.0,0.0,0.0,0.0,0,0,0,0,0,0,0,0,0,0,0,0,0,0,0
corfdoom,Cortex,Devastator,CorBuildings,weapon,24000.0,1200.0,15000.0,6700.0,0,0,0,0,0,780.0,0,0,0,2,3,231.0,581.0,900.0,370.0,164.0,0,0,0,1,2,0,0,0,0,0,0,0,0,0,0
corfdrag,Cortex,Shark's Teeth,CorBuildings,,400.0,15.0,0,4450.0,0,0,0,32.0,0,1.0,0,0,0,1,0,0.0,0.0,0.0,0.0,0.0,0,0,0,0,0,0,0,0,0,0,0,0,0,0,0
corfhlt,Cortex,Coral,CorBuildings,weapon,11400.0,480.0,6200.0,4350.0,0,0,0,0,0,630.0,0,0,0,1,1,350.0,350.0,630.0,630.0,8.0,0,0,0,0,1,0,0,0,0,0,0,0,0,0,0
corfhp,Cortex,Naval Hovercraft Platform,CorBuildings,builder,8700.0,670.0,2000.0,3750.0,0,0,0,0,0,312.0,0,0,1,1,0,0.0,0.0,0.0,0.0,0.0,0,0,0,0,0,0,0,0,0,0,0,0,0,0,0
corflak,Cortex,Birdshot,CorBuildings,aa,20100.0,850.0,14000.0,1840.0,0,0,0,10.0,0,525.0,0,0,0,2,1,468.75,468.75,775.0,775.0,172.0,1,0,0,1,0,0,0,0,0,0,0,0,0,0,0
corfmd,Cortex,Prevailer,CorBuildings,antinuke,60000.0,1500.0,40000.0,3300.0,0,0,0,10.0,0,195.0,0,0,0,2,1,750.0,750.0,72000.0,72000.0,420.0,0,0,0,0,0,0,0,1,0,0,0,0,0,0,0
corfmine3,Cortex,Heavy Mine,CorBuildings,explo,400.0,32.0,1600.0,11.0,0,0,0,40.0,0,71.5,0,0,0,1,1,0.0,0.0,64.0,64.0,0.0,0,0,0,0,0,0,0,0,0,0,0,0,0,0,1
corfmkr,Cortex,Naval Energy Converter,CorBuildings,metal,2680.0,1.0,1250.0,167.0,0,0,0,10.0,0,273.0,0,0,0,1,0,0.0,0.0,0.0,0.0,0.0,0,0,0,0,0,0,0,0,0,0,0,0,0,0,0
corfort,Cortex,Fortification Wall,CorBuildings,util,900.0,40.0,500.0,8900.0,0,0,0,24.0,0,1.0,0,0,0,2,0,0.0,0.0,0.0,0.0,0.0,0,0,0,0,0,0,0,0,0,0,0,0,0,0,0
corfrad,Cortex,Naval Radar / Sonar Tower,CorBuildings,util,1800.0,130.0,1000.0,114.0,0,0,0,10.0,0,740.0,0,0,0,1,0,0.0,0.0,0.0,0.0,0.0,0,0,0,0,0,0,0,0,0,0,0,0,0,0,0
corfrt,Cortex,Slingshot,CorBuildings,aa,2200.0,90.0,1000.0,395.0,0,0,0,0,0,468.0,0,0,0,1,1,95.83,95.83,765.0,765.0,64.0,1,0,0,0,0,0,1,0,0,0,0,0,0,0,0
corfus,Cortex,Fusion Reactor,CorBuildings,energy,59000.0,3600.0,22000.0,4300.0,0,0,0,10.0,1.0,273.0,0,0,0,2,0,0.0,0.0,0.0,0.0,0.0,0,0,0,0,0,0,0,0,0,0,0,0,0,0,0
corgant,Cortex,Experimental Gantry,CorBuildings,buildert3,68000.0,8400.0,62000.0,17800.0,0,0,0,10.0,0,273.0,0,0,1,3,0,0.0,0.0,0.0,0.0,0.0,0,0,0,0,0,0,0,0,0,0,0,0,0,0,0
corgantuw,Cortex,Experimental Gantry,CorBuildings,buildert3,68000.0,8350.0,62500.0,17800.0,0,0,0,10.0,0,273.0,0,0,1,3,0,0.0,0.0,0.0,0.0,0.0,0,0,0,0,0,0,0,0,0,0,0,0,0,0,0
corgate,Cortex,Overseer,CorBuildings,util,55000.0,3200.0,55000.0,3550.0,0,0,0,10.0,0,273.0,0,0,0,2,1,0.0,0.0,0.0,0.0,0.0,0,0,0,0,0,0,0,0,0,0,0,0,0,1,0
corgeo,Cortex,Geothermal Powerplant,CorBuildings,energy,12900.0,540.0,13000.0,2050.0,0,0,0,15.0,5.0,273.0,0,0,0,1,0,0.0,0.0,0.0,0.0,0.0,0,0,0,0,0,0,0,0,0,0,0,0,0,0,0
corhllt,Cortex,Twin Guard,CorBuildings,weapon,4900.0,195.0,1750.0,1670.0,0,0,0,10.0,0,475.0,0,0,0,1,2,241.07,482.14,490.0,400.0,12.0,0,0,0,0,2,0,0,0,0,0,0,0,0,0,0
corhlt,Cortex,Warden,CorBuildings,weapon,11400.0,480.0,4700.0,2750.0,0,0,0,10.0,0,455.0,0,0,0,1,1,326.67,326.67,620.0,620.0,14.0,0,0,0,0,1,0,0,0,0,0,0,0,0,0,0
corhp,Cortex,Hovercraft Platform,CorBuildings,builder,8700.0,670.0,2000.0,3750.0,0,0,0,15.0,0,312.0,0,0,1,1,0,0.0,0.0,0.0,0.0,0.0,0,0,0,0,0,0,0,0,0,0,0,0,0,0,0
corint,Cortex,Basilisk,CorBuildings,weapon,93300.0,4600.0,67000.0,4700.0,0,0,0,13.0,0,273.0,0,0,0,2,1,125.0,125.0,4950.0,4950.0,157.0,0,0,0,1,0,0,0,0,0,0,0,0,0,0,0
corjamt,Cortex,Castro,CorBuildings,util,4570.0,115.0,5200.0,1070.0,0,0,0,10.0,0,104.0,0,0,0,1,0,0.0,0.0,0.0,0.0,0.0,0,0,0,0,0,0,0,0,0,0,0,0,0,0,0
corjuno,Cortex,Juno,CorBuildings,weapon,27700.0,660.0,16000.0,2500.0,0,0,0,10.0,0,494.0,0,0,0,1,1,0.5,0.5,32000.0,32000.0,1400.0,0,0,0,0,0,0,0,1,0,0,0,0,0,0,0
corlab,Cortex,Bot Lab,CorBuildings,builder,5000.0,470.0,1050.0,2900.0,0,0,0,15.0,0,290.0,0,0,1,1,0,0.0,0.0,0.0,0.0,0.0,0,0,0,0,0,0,0,0,0,0,0,0,0,0,0
corllt,Cortex,Guard,CorBuildings,weapon,2500.0,90.0,700.0,650.0,0,0,0,10.0,0,494.0,0,0,0,1,1,241.07,241.07,435.0,435.0,12.0,0,0,0,0,1,0,0,0,0,0,0,0,0,0,0
cormadsam,Cortex,SAM,CorBuildings,aa,5240.0,315.0,6100.0,2800.0,0,0,0,10.0,0,375.0,0,0,0,1,1,190.0,190.0,840.0,840.0,16.0,1,0,0,0,0,0,1,0,0,0,0,0,0,0,0
cormakr,Cortex,Energy Converter,CorBuildings,metal,2680.0,1.0,1250.0,167.0,0,0,0,10.0,0,273.0,0,0,0,1,0,0.0,0.0,0.0,0.0,0.0,0,0,0,0,0,0,0,0,0,0,0,0,0,0,0
cormaw,Cortex,Dragon's Maw,CorBuildings,weapon,4420.0,290.0,1550.0,1610.0,0,0,0,18.0,0,422.0,0,0,0,1,1,30.0,30.0,410.0,410.0,64.0,0,0,0,0,0,0,0,0,0,0,0,1,0,0,0
cormex,Cortex,Metal Extractor,CorBuildings,metal,1870.0,50.0,500.0,275.0,0,0,0,30.0,0,273.0,0,0,0,1,0,0.0,0.0,0.0,0.0,0.0,0,0,0,0,0,0,0,0,0,0,0,0,0,0,0
cormexp,Cortex,Advanced Exploiter,CorBuildings,metal,32500.0,2400.0,12000.0,7800.0,0,0,0,30.0,20.0,676.0,0,0,0,2,2,403.13,447.2,650.0,650.0,128.0,0,0,0,0,1,0,1,0,0,0,0,0,0,0,0
cormine1,Cortex,Light Mine,CorBuildings,explo,100.0,7.0,270.0,11.0,0,0,0,40.0,0,83.2,0,0,0,1,1,0.0,0.0,64.0,64.0,0.0,0,0,0,0,0,0,0,0,0,0,0,0,0,0,1
cormine2,Cortex,Medium Mine,CorBuildings,explo,300.0,25.0,1050.0,11.0,0,0,0,40.0,0,83.2,0,0,0,1,1,0.0,0.0,64.0,64.0,0.0,0,0,0,0,0,0,0,0,0,0,0,0,0,0,1
cormine3,Cortex,Heavy Mine,CorBuildings,explo,700.0,50.0,2800.0,11.0,0,0,0,40.0,0,83.2,0,0,0,1,1,0.0,0.0,64.0,64.0,0.0,0,0,0,0,0,0,0,0,0,0,0,0,0,0,1
cormmkr,Cortex,Advanced Energy Converter,CorBuildings,metal,31300.0,370.0,21000.0,560.0,0,0,0,10.0,0,273.0,0,0,0,2,0,0.0,0.0,0.0,0.0,0.0,0,0,0,0,0,0,0,0,0,0,0,0,0,0,0
cormoho,Cortex,Advanced Metal Extractor,CorBuildings,metal,14100.0,640.0,8100.0,3900.0,0,0,0,30.0,20.0,273.0,0,0,0,2,0,0.0,0.0,0.0,0.0,0.0,0,0,0,0,0,0,0,0,0,0,0,0,0,0,0
cormstor,Cortex,Metal Storage,CorBuildings,metal,2920.0,340.0,590.0,2100.0,0,0,0,10.0,0,273.0,0,0,0,1,0,0.0,0.0,0.0,0.0,0.0,0,0,0,0,0,0,0,0,0,0,0,0,0,0,0
cornanotc,Cortex,Construction Turret,CorBuildings,builder,5300.0,230.0,3200.0,560.0,0,0,4.5,10.0,0,380.0,1.0,0,0,1,0,0.0,0.0,0.0,0.0,0.0,0,0,0,0,0,0,0,0,0,0,0,0,0,0,0
cornanotcplat,Cortex,Naval Construction Turret,CorBuildings,builder,5300.0,230.0,3200.0,560.0,0,0,4.5,10.0,50000000.0,380.0,1.0,0,0,1,0,0.0,0.0,0.0,0.0,0.0,0,0,0,0,0,0,0,0,0,0,0,0,0,0,0
corplat,Cortex,Seaplane Platform,CorBuildings,builder,11800.0,1400.0,5500.0,2200.0,0,0,0,0,0,169.0,0,0,1,1,0,0.0,0.0,0.0,0.0,0.0,0,0,0,0,0,0,0,0,0,0,0,0,0,0,0
corpun,Cortex,Agitator,CorBuildings,weapon,17400.0,1300.0,13500.0,3250.0,0,0,0,12.0,0,455.0,0,0,0,1,3,110.53,221.05,1245.0,1245.0,120.0,0,0,0,3,0,0,0,0,0,0,0,0,0,0,0
corrad,Cortex,Radar Tower,CorBuildings,util,1140.0,60.0,630.0,90.0,0,0,0,10.0,0,680.0,0,0,0,1,0,0.0,0.0,0.0,0.0,0.0,0,0,0,0,0,0,0,0,0,0,0,0,0,0,0
corrl,Cortex,Thistle,CorBuildings,aa,1750.0,80.0,850.0,335.0,0,0,0,20.0,0,455.0,0,0,0,1,1,67.65,67.65,765.0,765.0,48.0,1,0,0,0,0,0,1,0,0,0,0,0,0,0,0
corscreamer,Cortex,Screamer,CorBuildings,aa,28000.0,1650.0,32000.0,1670.0,0,0,0,20.0,0,600.0,0,0,0,2,1,416.67,416.67,2400.0,2400.0,425.0,1,0,0,0,0,0,1,0,0,0,0,0,0,0,0
corsd,Cortex,Nemesis,CorBuildings,util,12000.0,750.0,6700.0,2800.0,0,0,0,10.0,0,225.0,0,0,0,2,0,0.0,0.0,0.0,0.0,0.0,0,0,0,0,0,0,0,0,0,0,0,0,0,0,0
corshroud,Cortex,Shroud,CorBuildings,util,9400.0,130.0,20000.0,890.0,0,0,0,10.0,0,155.0,0,0,0,2,0,0.0,0.0,0.0,0.0,0.0,0,0,0,0,0,0,0,0,0,0,0,0,0,0,0
corsilo,Cortex,Apocalypse,CorBuildings,nuke,181000.0,7700.0,82000.0,6200.0,0,0,0,10.0,0,455.0,0,0,0,2,2,383.33,383.33,72000.0,0.0,1920.0,0,0,0,1,0,0,0,1,0,0,0,0,0,0,0
corsolar,Cortex,Solar Collector,CorBuildings,energy,2800.0,150.0,0,355.0,0,0,0,10.0,0,273.0,0,0,0,1,0,0.0,0.0,0.0,0.0,0.0,0,0,0,0,0,0,0,0,0,0,0,0,0,0,0
corsy,Cortex,Shipyard,CorBuildings,builder,5100.0,450.0,950.0,4300.0,0,0,0,0,0,340.0,0,0,1,1,0,0.0,0.0,0.0,0.0,0.0,0,0,0,0,0,0,0,0,0,0,0,0,0,0,0
cortarg,Cortex,Pinpointer,CorBuildings,util,10900.0,800.0,7500.0,2000.0,0,0,0,10.0,0,273.0,0,0,0,2,0,0.0,0.0,0.0,0.0,0.0,0,0,0,0,0,0,0,0,0,0,0,0,0,0,0
cortide,Cortex,Tidal Generator,CorBuildings,energy,2100.0,85.0,250.0,395.0,0,0,0,10.0,0,130.0,0,0,0,1,0,0.0,0.0,0.0,0.0,0.0,0,0,0,0,0,0,0,0,0,0,0,0,0,0,0
cortl,Cortex,Urchin,CorBuildings,sub,3750.0,170.0,1800.0,1440.0,0,0,0,10.0,0,495.0,0,0,0,1,1,186.67,186.67,500.0,500.0,16.0,0,1,0,0,0,0,0,0,1,0,0,0,0,0,0
cortoast,Cortex,Persecutor,CorBuildings,weapon,25700.0,2500.0,17000.0,4250.0,0,0,0,10.0,0,416.0,0,0,0,2,3,200.0,400.0,1390.0,1390.0,164.0,0,0,0,3,0,0,0,0,0,0,0,0,0,0,0
cortron,Cortex,Catalyst,CorBuildings,weapon,59000.0,1200.0,14000.0,3550.0,0,0,0,10.0,0,455.0,0,0,0,2,1,2000.0,2000.0,2250.0,2250.0,380.0,0,0,0,0,0,0,0,1,0,0,0,0,0,0,0
coruwadves,Cortex,Hardened Energy Storage,CorBuildings,energy,20400.0,840.0,11000.0,12700.0,0,0,0,20.0,9999.0,192.0,0,0,0,2,0,0.0,0.0,0.0,0.0,0.0,0,0,0,0,0,0,0,0,0,0,0,0,0,0,0
coruwadvms,Cortex,Hardened Metal Storage,CorBuildings,metal,20500.0,760.0,11000.0,11200.0,0,0,0,20.0,9999.0,182.0,0,0,0,2,0,0.0,0.0,0.0,0.0,0.0,0,0,0,0,0,0,0,0,0,0,0,0,0,0,0
coruwageo,Cortex,Advanced Geothermal Powerplant,CorBuildings,energy,48000.0,1500.0,27000.0,4150.0,0,0,0,20.0,99999.0,273.0,0,0,0,2,0,0.0,0.0,0.0,0.0,0.0,0,0,0,0,0,0,0,0,0,0,0,0,0,0,0
coruwes,Cortex,Naval Energy Storage,CorBuildings,energy,4260.0,175.0,1800.0,2000.0,0,0,0,20.0,0,169.0,0,0,0,1,0,0.0,0.0,0.0,0.0,0.0,0,0,0,0,0,0,0,0,0,0,0,0,0,0,0
coruwfus,Cortex,Naval Fusion Reactor,CorBuildings,energy,105000.0,5400.0,34000.0,5900.0,0,0,0,16.0,0,143.0,0,0,0,2,0,0.0,0.0,0.0,0.0,0.0,0,0,0,0,0,0,0,0,0,0,0,0,0,0,0
coruwgeo,Cortex,Offshore Geothermal Powerplant,CorBuildings,energy,12900.0,540.0,13000.0,2050.0,0,0,0,15.0,99999.0,273.0,0,0,0,1,0,0.0,0.0,0.0,0.0,0.0,0,0,0,0,0,0,0,0,0,0,0,0,0,0,0
coruwmme,Cortex,Naval Advanced Metal Extractor,CorBuildings,metal,14100.0,640.0,8100.0,3900.0,0,0,0,30.0,0,169.0,0,0,0,2,0,0.0,0.0,0.0,0.0,0.0,0,0,0,0,0,0,0,0,0,0,0,0,0,0,0
coruwmmm,Cortex,Naval Advanced Energy Converter,CorBuildings,metal,31300.0,370.0,21000.0,560.0,0,0,0,16.0,0,143.0,0,0,0,2,0,0.0,0.0,0.0,0.0,0.0,0,0,0,0,0,0,0,0,0,0,0,0,0,0,0
coruwms,Cortex,Naval Metal Storage,CorBuildings,metal,2920.0,340.0,590.0,2100.0,0,0,0,20.0,0,169.0,0,0,0,1,0,0.0,0.0,0.0,0.0,0.0,0,0,0,0,0,0,0,0,0,0,0,0,0,0,0
corvipe,Cortex,Scorpion,CorBuildings,weapon,15000.0,730.0,14000.0,3000.0,0,0,0,10.0,0,546.0,0,0,0,2,1,412.5,412.5,730.0,730.0,24.0,0,0,0,0,0,0,1,0,0,0,0,0,0,0,0
corvp,Cortex,Vehicle Plant,CorBuildings,builder,5650.0,570.0,1550.0,3000.0,0,0,0,15.0,0,279.0,0,0,1,1,0,0.0,0.0,0.0,0.0,0.0,0,0,0,0,0,0,0,0,0,0,0,0,0,0,0
corwin,Cortex,Wind Turbine,CorBuildings,energy,1680.0,43.0,175.0,220.0,0,0,0,10.0,0,273.0,0,0,0,1,0,0.0,0.0,0.0,0.0,0.0,0,0,0,0,0,0,0,0,0,0,0,0,0,0,0
corcat,Cortex,Catapult,CorGantry,weapon,160000.0,4900.0,80000.0,6100.0,48.0,0.1242,0.6486,20.0,12.0,700.0,525.84998,1,1,3,1,30.0,30.0,1350.0,1350.0,96.0,0,0,0,0,0,0,1,0,0,0,0,0,0,0,0
cordemon,Cortex,Demon,CorGantry,weapon,160000.0,6000.0,90000.0,18000.0,63.0,0.2208,1.0,160.0,12.0,500.0,607.20001,1,1,3,2,250.0,370.01,700.0,500.0,128.0,1,0,0,0,0,0,1,0,0,0,0,1,0,0,0
corjugg,Cortex,Behemoth,CorGantry,weapon,780000.0,20000.0,513000.0,335000.0,16.5,0.0552,0.43125,14.0,12.0,720.0,125.35,1,1,3,5,321.43,1121.43,590.0,0.0,172.0,0,0,0,1,3,0,0,0,0,0,0,0,1,0,0
corkarg,Cortex,Karganeth,CorGantry,weapon,94000.0,2500.0,57000.0,12500.0,45.0,0.1104,0.8211,160.0,12.0,455.0,400.0,1,1,3,2,600.0,850.0,700.0,600.0,64.0,1,0,0,0,0,0,2,0,0,0,0,0,0,0,0
corkorg,Cortex,Juggernaut,CorGantry,weapon,730000.0,29000.0,615000.0,149000.0,37.0,0.1242,0.8211,17.0,12.0,845.0,437.0,1,1,3,8,1375.0,3126.19,950.0,0.0,200.0,0,0,0,6,1,0,0,1,0,0,0,0,0,0,0
corshiva,Cortex,Shiva,CorGantry,weapon,40000.0,1550.0,23000.0,9400.0,48.3,0.069,0.8211,36.0,32.0,520.0,708.39996,1,1,3,2,300.0,407.14,800.0,650.0,176.0,0,0,0,1,0,0,0,1,0,0,0,0,0,0,0
corsok,Cortex,Cataphract,CorGantry,weapon,34000.0,950.0,19000.0,4200.0,45.3,0.01731,0.01731,16.0,0,650.0,290.0,1,1,3,2,166.67,279.17,725.0,400.0,24.0,0,1,0,0,0,1,0,0,1,0,0,0,0,0,0
corah,Cortex,Birdeater,CorHovercraft,aa,3650.0,250.0,4700.0,1120.0,88.5,0.06316,0.06316,16.0,0,509.0,470.0,1,1,1,2,28.18,28.18,800.0,700.0,48.0,1,0,0,1,0,0,1,0,0,0,0,0,0,0,0
corch,Cortex,Construction Hovercraft,CorHovercraft,builder,4580.0,190.0,3000.0,1490.0,60.899,0.03792,0.11,16.0,0,338.0,410.0,1,1,1,0,0.0,0.0,0.0,0.0,0.0,0,0,0,0,0,0,0,0,0,0,0,0,0,0,0
corhal,Cortex,Halberd,CorHovercraft,weapon,12900.0,640.0,13000.0,4350.0,45.3,0.02428,0.02428,16.0,0,450.0,410.0,1,1,1,1,343.75,343.75,300.0,300.0,8.0,0,0,0,0,1,0,0,0,0,0,0,0,0,0,0
cormh,Cortex,Mangonel,CorHovercraft,weapon,3500.0,200.0,3300.0,550.0,63.9,0.04415,0.04415,16.0,0,509.0,455.0,1,1,1,1,61.11,61.11,700.0,700.0,80.0,0,0,0,0,0,0,0,1,0,0,0,0,0,0,0
corsh,Cortex,Goon,CorHovercraft,weapon,1500.0,75.0,1500.0,255.0,109.5,0.10226,0.10226,16.0,0,550.0,615.0,1,1,1,1,60.0,60.0,230.0,230.0,8.0,0,0,0,0,1,0,0,0,0,0,0,0,0,0,0
corsnap,Cortex,Cayman,CorHovercraft,weapon,3500.0,300.0,3100.0,1720.0,66.99,0.04624,0.04624,16.0,0,491.0,500.0,1,1,1,1,70.0,70.0,370.0,370.0,32.0,0,0,0,1,0,0,0,0,0,0,0,0,0,0,0
corcsa,Cortex,Construction Seaplane,CorSeaplanes,builder,14500.0,140.0,8200.0,435.0,217.5,0.072,0.4275,10.0,255.0,430.0,240.0,0,1,1,0,0.0,0.0,0.0,0.0,0.0,0,0,0,0,0,0,0,0,0,0,0,0,0,0,0
corcut,Cortex,Cutlass,CorSeaplanes,weapon,11500.0,230.0,5400.0,1010.0,152.39999,0.18,0.3938,10.0,255.0,595.0,550.0,0,1,1,1,36.15,36.15,430.0,430.0,18.0,0,0,0,1,0,0,0,0,0,0,0,0,0,0,0
corhunt,Cortex,Watcher,CorSeaplanes,util,11500.0,130.0,6900.0,730.0,324.29999,0.1425,0.0375,10.0,255.0,1130.0,0,0,1,1,0,0.0,0.0,0.0,0.0,0.0,0,0,0,0,0,0,0,0,0,0,0,0,0,0,0
corsb,Cortex,Dam Buster,CorSeaplanes,weapon,9000.0,200.0,8200.0,940.0,240.0,0.06,0.045,10.0,255.0,455.0,0,0,1,1,1,6.25,6.25,1280.0,1280.0,100.0,0,0,0,0,0,0,0,0,0,0,1,0,0,0,0
corseap,Cortex,Monsoon,CorSeaplanes,sub,13000.0,230.0,5500.0,1070.0,266.10001,0.22,0.375,10.0,255.0,535.0,610.0,0,1,1,1,68.4,68.4,600.0,600.0,16.0,0,1,0,0,0,0,0,0,1,0,0,0,0,0,0
corsfig,Cortex,Bat,CorSeaplanes,aa,6500.0,90.0,4600.0,220.0,315.60001,0.2175,0.1,10.0,255.0,430.0,0,0,1,1,1,240.0,240.0,710.0,710.0,8.0,1,0,0,0,0,0,1,0,0,0,0,0,0,0,0
coracsub,Cortex,Advanced Construction Sub,CorShips,buildert2,23000.0,700.0,9000.0,1110.0,64.8,0.042,0.042,0,0,156.0,385.5,1,1,2,0,0.0,0.0,0.0,0.0,0.0,0,0,0,0,0,0,0,0,0,0,0,0,0,0,0
corantiship,Cortex,Oasis,CorShips,antinuke,27000.0,1400.0,12000.0,5000.0,63.0,0.01722,0.01722,0,0,1000.0,180.0,1,1,2,1,750.0,750.0,72000.0,72000.0,420.0,0,0,0,0,0,0,0,1,0,0,0,0,0,0,0
corarch,Cortex,Arrow Storm,CorShips,aa,21000.0,1000.0,12000.0,3900.0,60.48,0.03127,0.03127,0,0,465.0,340.5,1,1,2,3,272.73,350.85,870.0,775.0,140.0,1,0,0,2,0,0,1,0,0,0,0,0,0,0,0
corbats,Cortex,Despot,CorShips,weapon,51000.0,3400.0,23000.0,12000.0,53.1,0.01427,0.01427,0,0,600.0,177.0,1,1,2,4,315.79,653.29,950.0,700.0,140.0,0,0,0,3,1,0,0,0,0,0,0,0,0,0,0
corblackhy,Cortex,Black Hydra,CorShips,weapon,310000.0,21000.0,190000.0,53000.0,49.5,0.00809,0.00809,0,0,650.0,129.0,1,1,2,6,284.21,1138.19,2550.0,830.0,240.0,1,0,0,1,3,0,2,0,0,0,0,0,0,0,0
corcrus,Cortex,Buccaneer,CorShips,weaponsub,23000.0,1000.0,12000.0,6200.0,54.0,0.02649,0.02649,0,0,600.0,265.5,1,1,2,3,225.23,528.0,500.0,430.0,32.0,0,1,0,0,2,0,0,0,1,0,0,0,0,0,0
corcs,Cortex,Construction Ship,CorShips,builder,3700.0,200.0,2000.0,1080.0,60.0,0.03567,0.03567,0,0,400.0,391.5,1,1,1,0,0.0,0.0,0.0,0.0,0.0,0,0,0,0,0,0,0,0,0,0,0,0,0,0,0
coresupp,Cortex,Supporter,CorShips,weapon,1400.0,100.0,1000.0,480.0,109.8,0.11054,0.11054,0,0,600.0,500.0,1,1,1,2,44.09,88.17,280.0,280.0,12.0,0,0,0,0,2,0,0,0,0,0,0,0,0,0,0
corfship,Cortex,Brimstone,CorShips,weapon,13000.0,630.0,9400.0,2700.0,93.0,0.06,0.06,0,0,500.0,425.0,1,1,2,2,187.55,256.55,710.0,450.0,96.0,1,0,0,0,0,0,1,0,0,0,0,1,0,0,0
cormls,Cortex,Pathfinder,CorShips,buildert2,6500.0,200.0,3300.0,1600.0,57.75,0.03446,0.03446,0,0,300.0,393.0,1,1,2,0,0.0,0.0,0.0,0.0,0.0,0,0,0,0,0,0,0,0,0,0,0,0,0,0,0
cormship,Cortex,Messenger,CorShips,weapon,24000.0,2000.0,10000.0,3350.0,61.44,0.02799,0.03799,0,0,318.5,350.0,1,1,2,2,137.5,206.5,1550.0,710.0,300.0,1,0,0,1,0,0,1,0,0,0,0,0,0,0,0
corpship,Cortex,Riptide,CorShips,weapon,4550.0,420.0,2800.0,2350.0,82.5,0.04391,0.04391,0,0,500.0,350.0,1,1,1,1,120.0,120.0,480.0,480.0,48.0,0,0,0,1,0,0,0,0,0,0,0,0,0,0,0
corpt,Cortex,Herring,CorShips,weaponaa,2500.0,210.0,1400.0,890.0,69.0,0.05,0.06473,0,0,670.0,520.5,1,1,1,2,60.0,83.5,750.0,650.0,48.0,1,0,0,0,0,0,2,0,0,0,0,0,0,0,0
correcl,Cortex,Death Cavalry,CorShips,builder,5960.0,200.0,3200.0,420.0,66.9,0.05333,0.05333,0,0,300.0,525.0,1,1,1,0,0.0,0.0,0.0,0.0,0.0,0,0,0,0,0,0,0,0,0,0,0,0,0,0,0
corroy,Cortex,Oppressor,CorShips,weaponsub,10600.0,960.0,7200.0,3950.0,62.4,0.02757,0.02757,0,0,500.0,291.0,1,1,1,2,154.0,272.42,710.0,400.0,64.0,0,1,0,1,0,0,0,0,1,0,0,0,0,0,0
corshark,Cortex,Predator,CorShips,sub,23000.0,730.0,14000.0,1610.0,84.0,0.05,0.05,0,0,390.0,540.0,1,1,2,1,159.09,159.09,400.0,400.0,16.0,0,1,0,0,0,0,0,0,1,0,0,0,0,0,0
corsjam,Cortex,Phantasm,CorShips,util,17000.0,280.0,4200.0,1450.0,40.0,0.03574,0.03574,0,0,403.0,384.0,1,1,2,0,0.0,0.0,0.0,0.0,0.0,0,0,0,0,0,0,0,0,0,0,0,0,0,0,0
corssub,Cortex,Kraken,CorShips,sub,35000.0,1900.0,29000.0,3900.0,39.0,0.018,0.018,0,0,570.0,320.0,1,1,2,1,206.25,206.25,850.0,850.0,160.0,0,1,0,0,0,0,0,0,1,0,0,0,0,0,0
corsub,Cortex,Orca,CorShips,sub,7200.0,580.0,4000.0,1060.0,57.0,0.0451,0.0451,0,0,400.0,600.0,1,1,1,1,136.8,136.8,500.0,500.0,64.0,0,1,0,0,0,0,0,0,1,0,0,0,0,0,0
coracv,Cortex,Advanced Construction Vehicle,CorVehicles,buildert2,17000.0,580.0,7000.0,2150.0,49.5,0.02547,0.10186,16.0,18.0,295.10001,363.0,1,1,2,0,0.0,0.0,0.0,0.0,0.0,0,0,0,0,0,0,0,0,0,0,0,0,0,0,0
corban,Cortex,Banisher,CorVehicles,weapon,30000.0,1000.0,23000.0,2500.0,54.0,0.02,0.04537,20.0,20.0,650.0,250.0,1,1,2,1,133.33,133.33,800.0,800.0,128.0,0,0,0,0,0,0,1,0,0,0,0,0,0,0,0
corcv,Cortex,Construction Vehicle,CorVehicles,builder,4160.0,145.0,2100.0,1430.0,51.0,0.03049,0.12198,16.0,19.0,260.0,421.0,1,1,1,0,0.0,0.0,0.0,0.0,0.0,0,0,0,0,0,0,0,0,0,0,0,0,0,0,0
coreter,Cortex,Obscurer,CorVehicles,util,7500.0,105.0,1900.0,580.0,41.4,0.03583,0.07166,16.0,0,299.0,619.29999,1,1,2,0,0.0,0.0,0.0,0.0,0.0,0,0,0,0,0,0,0,0,0,0,0,0,0,0,0
corfav,Cortex,Rascal,CorVehicles,weapon,1150.0,26.0,270.0,90.0,153.0,0.2,0.4,26.0,12.0,600.0,750.0,1,1,1,1,31.82,31.82,180.0,180.0,8.0,0,0,0,0,1,0,0,0,0,0,0,0,0,0,0
corgarp,Cortex,Garpike,CorVehicles,weapon,3100.0,220.0,2600.0,1420.0,58.5,0.03226,0.06453,12.0,200.0,500.0,387.0,1,1,1,1,77.33,77.33,305.0,305.0,8.0,0,0,0,1,0,0,0,0,0,0,0,0,0,0,0
corgator,Cortex,Incisor,CorVehicles,weapon,2300.0,120.0,1100.0,820.0,85.0,0.04631,0.09262,10.0,12.0,330.0,427.0,1,1,1,1,93.75,93.75,230.0,230.0,8.0,0,0,0,0,1,0,0,0,0,0,0,0,0,0,0
corgol,Cortex,Tzar,CorVehicles,weapon,40000.0,1650.0,28000.0,7800.0,39.0,0.01018,0.02037,12.0,12.0,395.0,176.0,1,1,2,1,257.14,257.14,650.0,650.0,292.0,0,0,0,1,0,0,0,0,0,0,0,0,0,0,0
corlevlr,Cortex,Pounder,CorVehicles,weapon,3000.0,220.0,2600.0,1490.0,40.5,0.01654,0.03308,17.0,12.0,286.0,292.80002,1,1,1,1,105.56,105.56,315.0,315.0,144.0,0,0,0,1,0,0,0,0,0,0,0,0,0,0,0
cormabm,Cortex,Saviour,CorVehicles,antinuke,52000.0,1250.0,32000.0,870.0,51.0,0.03721,0.07443,10.0,0,450.0,520.29999,1,1,2,1,250.0,250.0,72000.0,72000.0,420.0,0,0,0,0,0,0,0,1,0,0,0,0,0,0,0
cormart,Cortex,Quaker,CorVehicles,weapon,9000.0,400.0,4400.0,1200.0,58.0,0.03,0.06,12.0,0,299.0,270.0,1,1,2,1,84.0,84.0,800.0,800.0,144.0,0,0,0,1,0,0,0,0,0,0,0,0,0,0,0
cormist,Cortex,Lasher,CorVehicles,weaponaa,3440.0,155.0,2400.0,860.0,52.0,0.02208,0.04416,16.0,12.0,620.0,370.0,1,1,1,2,48.0,73.2,700.0,575.0,48.0,1,0,0,0,0,0,2,0,0,0,0,0,0,0,0
cormlv,Cortex,Trapper,CorVehicles,builder,3640.0,65.0,1300.0,450.0,69.0,0.06681,0.1327,16.0,0,450.0,590.0,1,1,1,1,5.0,5.0,220.0,220.0,48.0,0,0,0,1,0,0,0,0,0,0,0,0,0,0,0
cormuskrat,Cortex,Muskrat,CorVehicles,builder,6860.0,170.0,3500.0,1110.0,40.5,0.01722,0.10332,16.0,255.0,260.0,300.0,1,1,1,0,0.0,0.0,0.0,0.0,0.0,0,0,0,0,0,0,0,0,0,0,0,0,0,0,0
corparrow,Cortex,Poison Arrow,CorVehicles,weapon,26000.0,1050.0,21000.0,6300.0,51.0,0.0266,0.05321,12.0,255.0,500.0,400.0,1,1,2,1,205.56,205.56,575.0,575.0,160.0,0,0,0,1,0,0,0,0,0,0,0,0,0,0,0
corraid,Cortex,Brute,CorVehicles,weapon,3310.0,235.0,2400.0,1970.0,72.9,0.04056,0.08113,10.0,12.0,325.0,330.0,1,1,1,1,83.14,83.14,350.0,350.0,48.0,0,0,0,1,0,0,0,0,0,0,0,0,0,0,0
correap,Cortex,Tiger,CorVehicles,weapon,16000.0,665.0,10000.0,5300.0,70.5,0.0362,0.0724,12.0,100.0,462.0,347.0,1,1,2,1,155.71,155.71,410.0,410.0,64.0,0,0,0,1,0,0,0,0,0,0,0,0,0,0,0
corsala,Cortex,Salamander,CorVehicles,weapon,10500.0,350.0,7000.0,2100.0,72.0,0.05125,0.1025,12.0,255.0,385.0,487.0,1,1,2,1,16.36,16.36,340.0,340.0,42.0,0,0,0,0,1,0,0,0,0,0,0,0,0,0,0
corsent,Cortex,Fury,CorVehicles,aa,16000.0,470.0,10500.0,2700.0,69.0,0.05823,0.11647,14.0,12.0,338.0,591.79999,1,1,2,2,272.73,272.73,800.0,775.0,140.0,1,0,0,2,0,0,0,0,0,0,0,0,0,0,0
cortrem,Cortex,Tremor,CorVehicles,weapon,43000.0,1850.0,49000.0,3000.0,40.5,0.0098,0.0196,14.0,15.0,351.0,169.39999,1,1,2,1,400.0,400.0,1470.0,1470.0,210.0,0,0,0,1,0,0,0,0,0,0,0,0,0,0,0
corvrad,Cortex,Omen,CorVehicles,util,5000.0,92.0,1300.0,570.0,48.0,0.02086,0.04172,16.0,0,900.0,315.0,1,1,2,0,0.0,0.0,0.0,0.0,0.0,0,0,0,0,0,0,0,0,0,0,0,0,0,0,0
corvroc,Cortex,Negotiator,CorVehicles,weapon,20000.0,880.0,6700.0,1390.0,33.0,0.02489,0.04978,16.0,12.0,221.0,520.29999,1,1,2,1,106.25,106.25,1310.0,1310.0,150.0,0,0,0,0,0,0,0,1,0,0,0,0,0,0,0
corwolv,Cortex,Wolverine,CorVehicles,weapon,3550.0,170.0,2500.0,750.0,48.0,0.02293,0.04585,10.0,8.0,299.0,466.0,1,1,1,1,42.25,42.25,710.0,710.0,113.0,0,0,0,1,0,0,0,0,0,0,0,0,0,0,0
corcom,Cortex,Cortex Commander,corcom.lua,builder,75000.0,2700.0,26000.0,3700.0,37.5,0.18,1.125,20.0,35.0,450.0,1133.0,0,1,1,3,200.0,387.5,300.0,262.0,36.0,0,1,0,0,2,0,0,0,0,0,0,0,1,0,0
